TRIP_ID,CALL_TYPE,ORIGIN_CALL,ORIGIN_STAND,TAXI_ID,TIMESTAMP,DAY_TYPE,MISSING_DATA,POLYLINE
1000000,C,,,20000293,1387649172,A,False,"[[-8.57, 41.147138], [-8.57, 41.146231]]"
1000001,B,,,20000182,1379301002,A,False,"[[-8.605748, 41.173818], [-8.605436, 41.172217], [-8.604616, 41.172227], [-8.604827, 41.17289], [-8.600627, 41.173118], [-8.602361, 41.173197]]"
1000002,A,,,20000307,1387186425,A,False,"[[-8.616443, 41.122386], [-8.616589, 41.121745], [-8.618189, 41.121452], [-8.616367, 41.123123], [-8.616727, 41.121862], [-8.615621, 41.120686], [-8.616467, 41.120844], [-8.614498, 41.119637]]"
1000003,C,91567,,20000072,1381414916,A,False,"[[-8.691245, 41.150559], [-8.696471, 41.148892], [-8.700076, 41.148672], [-8.703107, 41.147504], [-8.700977, 41.144004]]"
1000004,C,,,20000205,1381833206,A,False,"[[-8.594059, 41.125862], [-8.594972, 41.123722], [-8.596092, 41.120016], [-8.594585, 41.119865], [-8.600396, 41.122945]]"
1000005,C,,,20000222,1380465990,A,False,"[[-8.612314, 41.155028], [-8.60988, 41.157535], [-8.606381, 41.156873], [-8.604687, 41.156245], [-8.603735, 41.158436]]"
1000006,C,75329,13,20000382,1373715493,A,False,"[[-8.582626, 41.162339], [-8.586153, 41.16306], [-8.589094, 41.163958], [-8.587589, 41.163685], [-8.586467, 41.163236], [-8.58935, 41.164324]]"
1000007,B,,,20000279,1385547334,A,False,"[[-8.621388, 41.159314], [-8.618751, 41.159317], [-8.617993, 41.159059], [-8.617583, 41.157969], [-8.620002, 41.156242], [-8.617141, 41.155639], [-8.617906, 41.154985], [-8.618933, 41.156814]]"
1000008,C,,,20000076,1374907531,A,False,"[[-8.578328, 41.182784], [-8.578913, 41.181621], [-8.57994, 41.182059]]"
1000009,A,,,20000316,1387970452,A,False,"[[-8.669839, 41.234647], [-8.670439, 41.235022], [-8.66899, 41.233152], [-8.664574, 41.231707], [-8.662329, 41.23198], [-8.663225, 41.230484]]"
1000010,A,79459,57,20000264,1384022398,A,False,"[[-8.637885, 41.148763], [-8.639468, 41.1476], [-8.639139, 41.14995], [-8.639643, 41.149834], [-8.640386, 41.149095], [-8.643146, 41.146312], [-8.639304, 41.147212], [-8.640761, 41.145877]]"
1000011,A,75221,,20000212,1378409269,A,False,"[[-8.592776, 41.137388], [-8.594621, 41.138089], [-8.593119, 41.138696]]"
1000012,B,,,20000343,1374199087,A,False,"[[-8.636033, 41.183486], [-8.633433, 41.18532], [-8.632368, 41.182677], [-8.631531, 41.181788]]"
1000013,B,,,20000109,1384649497,A,False,"[[-8.673688, 41.130379], [-8.676099, 41.129636], [-8.677035, 41.129463]]"
1000014,C,,21,20000082,1377280499,A,False,"[[-8.620782, 41.18964], [-8.619524, 41.190339], [-8.618347, 41.190082], [-8.619696, 41.187762], [-8.619917, 41.186816], [-8.621543, 41.185516]]"
1000015,C,,,20000179,1374211679,A,False,"[[-8.57, 41.162367], [-8.57, 41.161717], [-8.57, 41.161606], [-8.57, 41.162892]]"
1000016,A,,,20000348,1387373960,A,False,"[[-8.632839, 41.195113], [-8.636249, 41.192854], [-8.636811, 41.193811], [-8.642222, 41.194781]]"
1000017,A,64609,58,20000010,1386055940,A,False,"[[-8.579511, 41.150338], [-8.579707, 41.148738], [-8.576658, 41.149081], [-8.577898, 41.152746]]"
1000018,B,,,20000339,1379604345,A,False,"[[-8.698408, 41.117299], [-8.697219, 41.117283], [-8.696823, 41.117571], [-8.699492, 41.117285], [-8.697819, 41.117073], [-8.698744, 41.117428]]"
1000019,A,12175,31,20000213,1385833841,A,False,"[[-8.700645, 41.113694], [-8.701155, 41.111861], [-8.705103, 41.110797]]"
1000020,C,,,20000028,1378353015,A,False,"[[-8.707815, 41.191481], [-8.706751, 41.191984], [-8.702854, 41.192696], [-8.701198, 41.190212]]"
1000021,B,,,20000242,1378923667,A,False,"[[-8.629543, 41.141565], [-8.62822, 41.141946], [-8.629362, 41.1419], [-8.629484, 41.138861], [-8.629985, 41.137495], [-8.629344, 41.13563], [-8.629985, 41.138572]]"
1000022,A,,,20000356,1387795121,A,False,"[[-8.623945, 41.17157], [-8.625894, 41.172491], [-8.624024, 41.172538], [-8.621684, 41.172034], [-8.622148, 41.17226], [-8.62136, 41.173378], [-8.622862, 41.173037], [-8.623065, 41.172363]]"
1000023,C,,58,20000149,1385007145,A,False,"[[-8.576576, 41.164919], [-8.581741, 41.163951], [-8.580622, 41.161908], [-8.579703, 41.161755], [-8.578455, 41.162914], [-8.580103, 41.162534]]"
1000024,C,77658,21,20000276,1386262052,A,False,"[[-8.681989, 41.210446], [-8.680743, 41.212751], [-8.678018, 41.212872], [-8.680098, 41.213069]]"
1000025,B,30214,,20000127,1378810757,A,False,"[[-8.57847, 41.138424], [-8.576348, 41.136972], [-8.574411, 41.13699]]"
1000026,B,,,20000284,1374608944,A,False,"[[-8.623794, 41.168574], [-8.623388, 41.168075], [-8.623522, 41.169342]]"
1000027,B,,,20000336,1382058482,A,False,"[[-8.661388, 41.193645], [-8.659788, 41.192963], [-8.654846, 41.19468], [-8.653601, 41.192251], [-8.653884, 41.19445], [-8.652839, 41.195841]]"
1000028,B,81449,,20000119,1377107187,A,False,"[[-8.625306, 41.17323], [-8.629204, 41.173922], [-8.626251, 41.1727], [-8.628472, 41.17499], [-8.629641, 41.174435], [-8.632055, 41.17513], [-8.63224, 41.173542], [-8.632717, 41.174203]]"
1000029,A,,,20000347,1378287988,A,False,"[[-8.640192, 41.126021], [-8.640789, 41.12762], [-8.64113, 41.127803], [-8.641756, 41.125606]]"
1000030,B,38818,,20000338,1380738814,A,False,"[[-8.578188, 41.122258], [-8.580279, 41.122093], [-8.580699, 41.121669], [-8.581695, 41.122213], [-8.582028, 41.124533], [-8.580234, 41.125976], [-8.583123, 41.124144], [-8.581868, 41.121371]]"
1000031,C,,,20000301,1374050820,A,False,"[[-8.677742, 41.21137], [-8.677133, 41.209624], [-8.67851, 41.208619], [-8.679721, 41.208287], [-8.679045, 41.204048], [-8.676057, 41.207383], [-8.674783, 41.207026], [-8.676235, 41.204949]]"
1000032,B,,32,20000068,1380829384,A,False,"[[-8.57, 41.168461], [-8.57, 41.168984], [-8.571446, 41.168892], [-8.57, 41.168304], [-8.570953, 41.167128], [-8.571898, 41.168689]]"
1000033,C,,4,20000210,1381231662,A,False,"[[-8.665768, 41.193454], [-8.667639, 41.193757]]"
1000034,C,,7,20000311,1376956767,A,False,"[[-8.625277, 41.121785], [-8.626688, 41.119458], [-8.627378, 41.1211], [-8.625368, 41.122066], [-8.627124, 41.121879], [-8.627878, 41.123123], [-8.625364, 41.127207], [-8.624554, 41.126505]]"
1000035,C,,,20000166,1385652309,A,False,"[[-8.612579, 41.184422], [-8.611939, 41.183807], [-8.610981, 41.186701]]"
1000036,C,,,20000017,1386325135,A,False,"[[-8.66728, 41.189981], [-8.668394, 41.189772], [-8.673692, 41.188445], [-8.673833, 41.187656]]"
1000037,C,94046,,20000279,1375751224,A,False,"[[-8.579444, 41.133268], [-8.579719, 41.135127], [-8.581092, 41.136427], [-8.580834, 41.136886]]"
1000038,A,,33,20000020,1379461703,A,False,"[[-8.698353, 41.153215], [-8.695823, 41.154453]]"
1000039,A,,15,20000338,1379903549,A,False,"[[-8.570998, 41.176603], [-8.572028, 41.173965], [-8.572181, 41.176485], [-8.571509, 41.177323], [-8.570659, 41.175885]]"
1000040,B,37663,,20000059,1382814005,A,False,"[[-8.57, 41.223088], [-8.571851, 41.223829], [-8.57, 41.221987], [-8.57, 41.221571], [-8.574526, 41.222903]]"
1000041,B,,,20000249,1381378023,A,False,"[[-8.627241, 41.123968], [-8.62657, 41.12474], [-8.627389, 41.123987], [-8.62198, 41.122612], [-8.616756, 41.123372], [-8.619399, 41.120708], [-8.618995, 41.119512], [-8.619178, 41.119667]]"
1000042,C,,,20000349,1384350418,A,False,"[[-8.597461, 41.171949], [-8.598693, 41.17308], [-8.599115, 41.17273]]"
1000043,B,20556,,20000035,1374286191,A,False,"[[-8.657409, 41.19651], [-8.659837, 41.196217]]"
1000044,A,,,20000036,1376914121,A,False,"[[-8.6397, 41.16021], [-8.641297, 41.158656], [-8.643497, 41.159113], [-8.639263, 41.159554], [-8.638637, 41.160082], [-8.636564, 41.161095]]"
1000045,A,,,20000247,1385534915,A,False,"[[-8.57, 41.202009], [-8.57, 41.20067], [-8.570791, 41.202255], [-8.57266, 41.205127], [-8.573399, 41.203716], [-8.577269, 41.203458], [-8.579292, 41.204306], [-8.581064, 41.203394]]"
1000046,A,,24,20000111,1381361076,A,False,"[[-8.577871, 41.149718], [-8.575684, 41.150074], [-8.574739, 41.150934], [-8.576302, 41.150776], [-8.579267, 41.151793], [-8.576588, 41.152128]]"
1000047,B,14763,54,20000323,1374055349,A,False,"[[-8.595365, 41.180344], [-8.594641, 41.180799], [-8.59262, 41.180703], [-8.591297, 41.180739], [-8.591583, 41.183423], [-8.595941, 41.182911]]"
1000048,C,36817,40,20000330,1375461106,A,False,"[[-8.71149, 41.168161], [-8.712424, 41.166941], [-8.708646, 41.164368], [-8.713424, 41.165122], [-8.713786, 41.164831], [-8.710187, 41.163593], [-8.709118, 41.165617], [-8.710766, 41.165762]]"
1000049,C,,53,20000027,1383301927,A,False,"[[-8.619886, 41.20997], [-8.620055, 41.20907]]"
1000050,C,,,20000009,1377316435,A,False,"[[-8.658487, 41.151608], [-8.65847, 41.15187], [-8.659122, 41.152297], [-8.659692, 41.151459], [-8.659481, 41.153372], [-8.661294, 41.153331]]"
1000051,B,82104,1,20000194,1386040090,A,False,"[[-8.612962, 41.11], [-8.615164, 41.11], [-8.615006, 41.112767], [-8.614225, 41.112148]]"
1000052,A,,,20000332,1378608862,A,False,"[[-8.650317, 41.164422], [-8.652506, 41.16369]]"
1000053,B,,30,20000302,1373115824,A,False,"[[-8.636489, 41.171058], [-8.637483, 41.173181], [-8.638582, 41.171426], [-8.639443, 41.173156]]"
1000054,B,26668,34,20000159,1383745629,A,False,"[[-8.708886, 41.168636], [-8.710733, 41.167529]]"
1000055,A,52567,,20000034,1382489414,A,False,"[[-8.615559, 41.185098], [-8.615881, 41.18592], [-8.616015, 41.185808]]"
1000056,A,,,20000084,1379404242,A,False,"[[-8.625169, 41.200344], [-8.62569, 41.197543], [-8.625709, 41.200004], [-8.627128, 41.200675], [-8.627597, 41.201514], [-8.627977, 41.201271], [-8.627269, 41.203534], [-8.628056, 41.20107]]"
1000057,B,,25,20000325,1375486140,A,False,"[[-8.65574, 41.180402], [-8.656973, 41.179217], [-8.658237, 41.178366], [-8.663361, 41.177304], [-8.664002, 41.176004], [-8.662686, 41.175479], [-8.663238, 41.175456], [-8.664193, 41.174774]]"
1000058,B,,,20000314,1381207803,A,False,"[[-8.664952, 41.13156], [-8.664215, 41.129845], [-8.667738, 41.128765], [-8.667274, 41.131038], [-8.664228, 41.128943]]"
1000059,A,38220,40,20000201,1385103819,A,False,"[[-8.57, 41.155379], [-8.570325, 41.155339], [-8.572279, 41.1551], [-8.570795, 41.154206], [-8.57, 41.153827], [-8.571618, 41.153113]]"
1000060,C,40802,58,20000001,1387425519,A,False,"[[-8.704833, 41.176696], [-8.706597, 41.178036], [-8.705606, 41.177951], [-8.707375, 41.178946], [-8.708754, 41.180427]]"
1000061,A,,52,20000283,1383435389,A,False,"[[-8.608118, 41.195654], [-8.610123, 41.196031]]"
1000062,B,,,20000024,1373665947,A,False,"[[-8.632109, 41.150787], [-8.632757, 41.151488], [-8.636598, 41.152108], [-8.630873, 41.155209], [-8.630279, 41.153699], [-8.629452, 41.153486], [-8.630276, 41.152039], [-8.628119, 41.151953]]"
1000063,B,,,20000186,1385656287,A,False,"[[-8.634553, 41.143172], [-8.636003, 41.142856], [-8.632196, 41.145187], [-8.631093, 41.145244], [-8.632439, 41.144447]]"
1000064,B,87406,,20000183,1386935789,A,False,"[[-8.603155, 41.150707], [-8.602975, 41.14954], [-8.605452, 41.150458], [-8.606739, 41.14994], [-8.605636, 41.148311], [-8.607141, 41.148114], [-8.608572, 41.147724], [-8.610573, 41.148108]]"
1000065,B,,,20000166,1378888474,A,False,"[[-8.581971, 41.151674], [-8.580925, 41.150862], [-8.57857, 41.149856], [-8.579486, 41.150975], [-8.576979, 41.149958], [-8.578062, 41.14866], [-8.580041, 41.149424], [-8.580718, 41.149923]]"
1000066,A,,,20000196,1373553982,A,False,"[[-8.577614, 41.160127], [-8.577937, 41.157478], [-8.57788, 41.157269], [-8.578393, 41.157502], [-8.575284, 41.157843], [-8.577713, 41.157371]]"
1000067,C,,,20000274,1383018863,A,False,"[[-8.577596, 41.143457], [-8.577409, 41.143955], [-8.577324, 41.14443], [-8.580033, 41.146674]]"
1000068,C,,,20000146,1380032336,A,False,"[[-8.595362, 41.162363], [-8.594346, 41.161593], [-8.594599, 41.161068], [-8.591794, 41.162698], [-8.58772, 41.162676], [-8.58782, 41.162272]]"
1000069,A,,,20000244,1373455936,A,False,"[[-8.640921, 41.218503], [-8.645231, 41.219755], [-8.64621, 41.220191], [-8.64992, 41.216846], [-8.648896, 41.218145]]"
1000070,C,23507,25,20000039,1375308211,A,False,"[[-8.614013, 41.158816], [-8.613856, 41.158158], [-8.612956, 41.158866], [-8.610788, 41.158485], [-8.611769, 41.157782]]"
1000071,C,81239,15,20000237,1381680704,A,False,"[[-8.57, 41.194395], [-8.571998, 41.196051], [-8.572231, 41.197091], [-8.572705, 41.19765]]"
1000072,C,,,20000146,1387895110,A,False,"[[-8.610388, 41.144701], [-8.608893, 41.146237], [-8.609705, 41.144875], [-8.611626, 41.143986], [-8.610403, 41.146349], [-8.608306, 41.145704]]"
1000073,B,51446,9,20000359,1386429485,A,False,"[[-8.644505, 41.23858], [-8.647141, 41.24], [-8.647583, 41.238333], [-8.643647, 41.236754], [-8.642374, 41.238101], [-8.638629, 41.23576], [-8.638938, 41.234763], [-8.6352, 41.237516]]"
1000074,A,,,20000367,1376308997,A,False,"[[-8.57, 41.175395], [-8.57, 41.175935], [-8.57, 41.177722], [-8.57, 41.177967], [-8.57, 41.178465], [-8.57, 41.179445], [-8.572043, 41.179243], [-8.573717, 41.181385]]"
1000075,A,,,20000010,1387066586,A,False,"[[-8.651825, 41.165764], [-8.653117, 41.164791], [-8.654746, 41.166211], [-8.654817, 41.168337], [-8.655952, 41.169599]]"
1000076,A,,,20000142,1374613791,A,False,"[[-8.638726, 41.12533], [-8.637638, 41.125537], [-8.638732, 41.124252], [-8.639382, 41.122148], [-8.640011, 41.122749]]"
1000077,C,36073,,20000154,1386102185,A,False,"[[-8.623081, 41.146335], [-8.623235, 41.144502], [-8.624422, 41.14571]]"
1000078,A,,,20000293,1378811031,A,False,"[[-8.653023, 41.169037], [-8.654983, 41.169661], [-8.653339, 41.170437]]"
1000079,B,45931,,20000368,1380463532,A,False,"[[-8.651649, 41.210394], [-8.650185, 41.210244], [-8.647691, 41.208641], [-8.647145, 41.20679], [-8.645121, 41.204853], [-8.64426, 41.206388], [-8.643627, 41.20893], [-8.641098, 41.208046]]"
1000080,B,,,20000115,1376783191,A,False,"[[-8.604679, 41.162195], [-8.602939, 41.159944], [-8.604815, 41.162285], [-8.60453, 41.159149], [-8.607827, 41.158976], [-8.608709, 41.159345], [-8.609104, 41.15865], [-8.605335, 41.159671]]"
1000081,C,82026,52,20000136,1384681803,A,False,"[[-8.622637, 41.195413], [-8.620453, 41.194379], [-8.620794, 41.196078], [-8.623133, 41.196531]]"
1000082,B,,32,20000026,1383144285,A,False,"[[-8.628664, 41.16499], [-8.630965, 41.166822], [-8.632167, 41.164536], [-8.631496, 41.164537], [-8.628338, 41.164775]]"
1000083,C,,7,20000156,1379691769,A,False,"[[-8.574354, 41.148636], [-8.571183, 41.149423], [-8.573115, 41.148446], [-8.572562, 41.148368], [-8.573838, 41.148659], [-8.576039, 41.152696], [-8.579085, 41.153022], [-8.579393, 41.152387]]"
1000084,B,68079,,20000220,1375432916,A,False,"[[-8.611529, 41.159258], [-8.609172, 41.159577], [-8.608567, 41.159422], [-8.609529, 41.16141], [-8.609293, 41.161414]]"
1000085,C,,,20000010,1385657600,A,False,"[[-8.593975, 41.149469], [-8.597693, 41.147661], [-8.591475, 41.150291], [-8.591988, 41.150507], [-8.592974, 41.147994]]"
1000086,A,86538,,20000304,1387306966,A,False,"[[-8.679024, 41.158281], [-8.681419, 41.157225], [-8.680307, 41.160016], [-8.676573, 41.161281], [-8.675721, 41.162904], [-8.67248, 41.15906], [-8.67285, 41.158427], [-8.674526, 41.159123]]"
1000087,B,,,20000075,1379258211,A,False,"[[-8.627089, 41.185965], [-8.62508, 41.186186], [-8.624304, 41.185021], [-8.625972, 41.184658], [-8.63062, 41.186488], [-8.630394, 41.187819]]"
1000088,A,,,20000089,1382242723,A,False,"[[-8.644889, 41.162319], [-8.645061, 41.161511], [-8.641947, 41.163668], [-8.637164, 41.160836], [-8.637691, 41.159434], [-8.636744, 41.163776], [-8.634737, 41.163746], [-8.632615, 41.165979]]"
1000089,A,48546,11,20000267,1383228920,A,False,"[[-8.57, 41.121405], [-8.570489, 41.120166]]"
1000090,A,,,20000277,1379047432,A,False,"[[-8.619244, 41.113282], [-8.616654, 41.111435], [-8.617926, 41.110371]]"
1000091,C,,,20000330,1387546593,A,False,"[[-8.620595, 41.156745], [-8.619866, 41.157273], [-8.6193, 41.157004], [-8.618156, 41.157672], [-8.61945, 41.156699], [-8.618281, 41.158504]]"
1000092,C,,,20000233,1375830990,A,False,"[[-8.605107, 41.145728], [-8.608126, 41.146193], [-8.608793, 41.145565], [-8.6098, 41.143715], [-8.610656, 41.143042]]"
1000093,C,,15,20000064,1379223584,A,False,"[[-8.580268, 41.180573], [-8.577209, 41.180513]]"
1000094,C,,46,20000391,1375886223,A,False,"[[-8.642737, 41.171372], [-8.643053, 41.171872], [-8.6408, 41.170051], [-8.638428, 41.171705], [-8.637774, 41.171646]]"
1000095,B,,7,20000166,1383632521,A,False,"[[-8.629959, 41.145997], [-8.628633, 41.145343], [-8.628459, 41.146769], [-8.630668, 41.147711], [-8.626763, 41.148373]]"
1000096,A,,,20000043,1375293548,A,False,"[[-8.623859, 41.162765], [-8.61981, 41.161051], [-8.618668, 41.162151], [-8.617631, 41.163319]]"
1000097,A,,,20000325,1374872457,A,False,"[[-8.577185, 41.185566], [-8.575615, 41.18311], [-8.57397, 41.183], [-8.577592, 41.181775]]"
1000098,A,,,20000267,1375736839,A,False,"[[-8.670008, 41.12717], [-8.667599, 41.128739]]"
1000099,B,,,20000036,1374991266,A,False,"[[-8.595086, 41.200596], [-8.5928, 41.199904], [-8.593412, 41.199946], [-8.593845, 41.198568], [-8.592463, 41.197903], [-8.594783, 41.19939], [-8.595047, 41.200229]]"
1000100,B,,26,20000186,1383738761,A,False,"[[-8.631735, 41.226743], [-8.633345, 41.225488], [-8.633436, 41.22761], [-8.633903, 41.227852], [-8.631732, 41.224895], [-8.633126, 41.225115], [-8.632675, 41.227499]]"
1000101,B,91769,,20000307,1380759509,A,False,"[[-8.646034, 41.169788], [-8.646166, 41.170841], [-8.645519, 41.172449], [-8.644817, 41.170269], [-8.643564, 41.171897]]"
1000102,B,,,20000002,1374775452,A,False,"[[-8.632005, 41.203748], [-8.633254, 41.206343], [-8.63166, 41.205186], [-8.629611, 41.205445], [-8.629467, 41.208389]]"
1000103,B,33683,41,20000272,1382244206,A,False,"[[-8.710825, 41.156562], [-8.712071, 41.157784], [-8.712293, 41.158276], [-8.71344, 41.157921], [-8.715659, 41.155246]]"
1000104,A,76772,,20000085,1373012558,A,False,"[[-8.646797, 41.192977], [-8.644029, 41.192923], [-8.643832, 41.193015], [-8.643403, 41.191233], [-8.642946, 41.189737]]"
1000105,B,,60,20000197,1373688709,A,False,"[[-8.710444, 41.160535], [-8.712938, 41.158581], [-8.711856, 41.158368], [-8.713005, 41.157581], [-8.71209, 41.159203], [-8.710159, 41.161033], [-8.710519, 41.158308], [-8.71078, 41.159472]]"
1000106,A,,,20000148,1386635111,A,False,"[[-8.628584, 41.149178], [-8.629945, 41.146104], [-8.631056, 41.146388], [-8.631761, 41.148651]]"
1000107,A,19541,28,20000361,1373230504,A,False,"[[-8.587514, 41.11], [-8.588356, 41.110495], [-8.589085, 41.111238], [-8.591708, 41.11084]]"
1000108,A,,62,20000343,1380838144,A,False,"[[-8.592993, 41.153051], [-8.59138, 41.151887], [-8.589313, 41.152866], [-8.588336, 41.152689], [-8.587184, 41.151859]]"
1000109,B,,7,20000249,1378025345,A,False,"[[-8.610761, 41.133948], [-8.611268, 41.133609], [-8.611763, 41.134915]]"
1000110,B,,,20000272,1382245223,A,False,"[[-8.62161, 41.171665], [-8.621272, 41.171358], [-8.624132, 41.172414], [-8.626819, 41.177107], [-8.625316, 41.177644], [-8.627876, 41.176016], [-8.631055, 41.177512]]"
1000111,A,41208,51,20000190,1372649445,A,False,"[[-8.614043, 41.150352], [-8.61557, 41.150659], [-8.616551, 41.150559], [-8.616764, 41.15129]]"
1000112,B,12018,8,20000294,1383064973,A,False,"[[-8.614056, 41.151953], [-8.614373, 41.150985], [-8.617523, 41.151525], [-8.615907, 41.152111], [-8.617847, 41.150284]]"
1000113,A,,,20000381,1383853578,A,False,"[[-8.596924, 41.202586], [-8.592471, 41.201395], [-8.592734, 41.201906], [-8.591233, 41.202745], [-8.594518, 41.20293], [-8.594471, 41.205051], [-8.593967, 41.205474]]"
1000114,C,,,20000377,1381865724,A,False,"[[-8.632351, 41.218795], [-8.628717, 41.217861]]"
1000115,B,,25,20000330,1376345284,A,False,"[[-8.639096, 41.146504], [-8.637598, 41.147083]]"
1000116,C,59613,34,20000181,1382810468,A,False,"[[-8.639407, 41.221041], [-8.637399, 41.22208], [-8.636102, 41.221315], [-8.636301, 41.222582], [-8.634365, 41.221539], [-8.635153, 41.222563]]"
1000117,C,,24,20000253,1373122809,A,False,"[[-8.606219, 41.208166], [-8.605552, 41.209252], [-8.60343, 41.209062], [-8.599823, 41.208963], [-8.601047, 41.209456]]"
1000118,B,,,20000400,1380205436,A,False,"[[-8.667504, 41.17877], [-8.665918, 41.180584], [-8.667445, 41.179104], [-8.666201, 41.179987], [-8.666001, 41.180558], [-8.669355, 41.178422], [-8.668102, 41.177927], [-8.666527, 41.178139]]"
1000119,B,,61,20000116,1373406606,A,False,"[[-8.657655, 41.17632], [-8.659325, 41.176019], [-8.658453, 41.173798], [-8.656561, 41.174522], [-8.653146, 41.175679], [-8.654834, 41.173907]]"
1000120,C,,,20000261,1377264526,A,False,"[[-8.699854, 41.185837], [-8.698687, 41.184718]]"
1000121,A,,25,20000204,1380957647,A,False,"[[-8.581966, 41.155488], [-8.582873, 41.155766]]"
1000122,C,30596,,20000320,1378209343,A,False,"[[-8.57, 41.11], [-8.57, 41.11], [-8.571581, 41.11], [-8.573127, 41.111906]]"
1000123,B,,,20000331,1374651093,A,False,"[[-8.601386, 41.16772], [-8.599259, 41.168393], [-8.601579, 41.168208], [-8.601639, 41.170169], [-8.598291, 41.169558]]"
1000124,C,,,20000378,1387551159,A,False,"[[-8.637432, 41.180443], [-8.637455, 41.179027], [-8.637234, 41.176886], [-8.635834, 41.179585]]"
1000125,B,36194,5,20000290,1383263161,A,False,"[[-8.664763, 41.160288], [-8.665154, 41.158541], [-8.664396, 41.159925], [-8.663065, 41.162325], [-8.661465, 41.161187], [-8.663015, 41.161267], [-8.661946, 41.160669]]"
1000126,A,,53,20000251,1378353745,A,False,"[[-8.587243, 41.128018], [-8.586741, 41.129298]]"
1000127,A,,,20000097,1382892657,A,False,"[[-8.578692, 41.157489], [-8.579421, 41.159102], [-8.578593, 41.159482], [-8.576759, 41.158937], [-8.575773, 41.158353]]"
1000128,A,85373,41,20000263,1377997479,A,False,"[[-8.57, 41.143626], [-8.570652, 41.146142], [-8.57, 41.146031]]"
1000129,B,82150,,20000249,1377173306,A,False,"[[-8.671797, 41.182259], [-8.670458, 41.177939], [-8.672161, 41.178076], [-8.673229, 41.178242], [-8.668804, 41.180383]]"
1000130,A,,,20000108,1377823208,A,False,"[[-8.594874, 41.182162], [-8.59492, 41.185161], [-8.593505, 41.185252], [-8.590135, 41.185894], [-8.59057, 41.187682]]"
1000131,C,,,20000144,1384309957,A,False,"[[-8.57, 41.182434], [-8.57, 41.181836], [-8.572844, 41.181708]]"
1000132,C,,,20000198,1386427071,A,False,"[[-8.683251, 41.211591], [-8.684395, 41.213242], [-8.68747, 41.215038], [-8.692884, 41.215776], [-8.696102, 41.218568], [-8.692943, 41.218925], [-8.693273, 41.21972], [-8.693788, 41.220137]]"
1000133,A,19765,46,20000184,1388080433,A,False,"[[-8.57, 41.11], [-8.57078, 41.11093], [-8.57, 41.11]]"
1000134,C,,63,20000321,1386362348,A,False,"[[-8.609155, 41.134919], [-8.61101, 41.13415], [-8.611404, 41.134744]]"
1000135,A,,18,20000267,1380177985,A,False,"[[-8.630005, 41.180794], [-8.626527, 41.177956]]"
1000136,B,,,20000400,1385939688,A,False,"[[-8.603792, 41.216093], [-8.602819, 41.217422], [-8.60434, 41.219146], [-8.601733, 41.219561], [-8.601036, 41.220529], [-8.600588, 41.219558]]"
1000137,A,,54,20000122,1378090145,A,False,"[[-8.573278, 41.180801], [-8.571933, 41.182066]]"
1000138,C,63327,13,20000353,1385360986,A,False,"[[-8.64933, 41.158246], [-8.650923, 41.159892], [-8.649496, 41.159126], [-8.646521, 41.158175], [-8.648339, 41.15981], [-8.648689, 41.156877], [-8.652658, 41.154808], [-8.654821, 41.154391]]"
1000139,C,96702,,20000058,1383469230,A,False,"[[-8.584992, 41.159312], [-8.587606, 41.161555], [-8.587811, 41.161648], [-8.591197, 41.161743], [-8.588116, 41.162532], [-8.585826, 41.164019]]"
1000140,B,71702,33,20000004,1376605490,A,False,"[[-8.659569, 41.142405], [-8.658387, 41.14204], [-8.659366, 41.143152]]"
1000141,A,23438,,20000207,1374640613,A,False,"[[-8.632424, 41.167713], [-8.633464, 41.167877], [-8.633704, 41.169074], [-8.632799, 41.170128], [-8.632381, 41.172235], [-8.632145, 41.171067]]"
1000142,A,,42,20000173,1378026903,A,False,"[[-8.625361, 41.144285], [-8.624475, 41.144072]]"
1000143,C,,,20000265,1378465097,A,False,"[[-8.617182, 41.134473], [-8.61605, 41.134293], [-8.617635, 41.13508], [-8.619033, 41.132961], [-8.621387, 41.132683]]"
1000144,B,,63,20000199,1374078744,A,False,"[[-8.635957, 41.205549], [-8.633816, 41.205255], [-8.632943, 41.205411]]"
1000145,B,,,20000123,1377135831,A,False,"[[-8.683122, 41.128837], [-8.681446, 41.128605]]"
1000146,C,,,20000022,1384480619,A,False,"[[-8.675149, 41.137072], [-8.672754, 41.138736], [-8.673574, 41.13648], [-8.672958, 41.13763], [-8.671558, 41.138685]]"
1000147,B,,41,20000096,1377370169,A,False,"[[-8.704905, 41.140502], [-8.706574, 41.142644], [-8.706886, 41.143964]]"
1000148,A,,,20000120,1374181189,A,False,"[[-8.629478, 41.142191], [-8.627574, 41.141769], [-8.627417, 41.141549], [-8.626727, 41.140378], [-8.628743, 41.141559]]"
1000149,A,,27,20000341,1382301430,A,False,"[[-8.699311, 41.146013], [-8.699414, 41.146181], [-8.699528, 41.144037]]"
1000150,B,,41,20000165,1387501188,A,False,"[[-8.676377, 41.166057], [-8.677093, 41.168304], [-8.680155, 41.16457], [-8.680666, 41.164072], [-8.680263, 41.166574], [-8.682392, 41.168737]]"
1000151,B,,28,20000312,1379657671,A,False,"[[-8.66136, 41.124478], [-8.662225, 41.126116], [-8.662739, 41.123289], [-8.66194, 41.123491], [-8.658498, 41.124497], [-8.662227, 41.126843], [-8.664312, 41.127431]]"
1000152,C,71706,,20000239,1383009759,A,False,"[[-8.657066, 41.183397], [-8.657, 41.182826], [-8.657361, 41.184749], [-8.655417, 41.1858], [-8.656248, 41.18919]]"
1000153,C,,,20000015,1377850396,A,False,"[[-8.598956, 41.148923], [-8.600757, 41.150595], [-8.59923, 41.150671], [-8.596604, 41.152386]]"
1000154,A,,7,20000291,1377623694,A,False,"[[-8.704313, 41.21283], [-8.708079, 41.210626], [-8.706408, 41.210385], [-8.709843, 41.208574], [-8.705844, 41.208365]]"
1000155,B,,,20000246,1380178136,A,False,"[[-8.642602, 41.165309], [-8.64115, 41.164595], [-8.642926, 41.166473], [-8.641748, 41.165603], [-8.638363, 41.166384]]"
1000156,C,84301,43,20000228,1379170530,A,False,"[[-8.57, 41.149297], [-8.572739, 41.14825], [-8.574431, 41.147434], [-8.573398, 41.147211]]"
1000157,C,40415,,20000043,1373062313,A,False,"[[-8.695294, 41.173619], [-8.695521, 41.17237], [-8.695675, 41.170417], [-8.694282, 41.168845], [-8.694409, 41.166135], [-8.693086, 41.165517], [-8.693555, 41.166237], [-8.691735, 41.166083]]"
1000158,A,,,20000090,1387561619,A,False,"[[-8.602449, 41.139733], [-8.603031, 41.141588], [-8.602586, 41.140781], [-8.598891, 41.142392], [-8.597902, 41.144352], [-8.599176, 41.145882]]"
1000159,B,,,20000103,1375751466,A,False,"[[-8.688138, 41.124663], [-8.68798, 41.125988]]"
1000160,C,,,20000231,1386362907,A,False,"[[-8.57, 41.171684], [-8.572863, 41.169887]]"
1000161,A,59112,,20000255,1384782780,A,False,"[[-8.631515, 41.159021], [-8.631629, 41.158796], [-8.630759, 41.15927], [-8.630601, 41.159631]]"
1000162,C,50921,,20000096,1381515326,A,False,"[[-8.716955, 41.22589], [-8.71907, 41.225922], [-8.71553, 41.223443], [-8.716478, 41.220696], [-8.71538, 41.220281], [-8.716076, 41.218986], [-8.715447, 41.218097], [-8.713629, 41.217428]]"
1000163,C,,37,20000324,1372808483,A,False,"[[-8.608739, 41.152976], [-8.607742, 41.153458], [-8.606596, 41.15538], [-8.607261, 41.153991], [-8.608278, 41.15436]]"
1000164,C,45531,,20000360,1383570036,A,False,"[[-8.617046, 41.181133], [-8.618865, 41.183587], [-8.622179, 41.183692], [-8.620726, 41.18403], [-8.62209, 41.185205], [-8.619164, 41.187485], [-8.619825, 41.188121], [-8.62103, 41.187673]]"
1000165,C,,38,20000071,1378928345,A,False,"[[-8.600559, 41.145507], [-8.599619, 41.14806], [-8.60112, 41.149897], [-8.60361, 41.149818], [-8.605002, 41.148473]]"
1000166,B,11847,,20000281,1384880879,A,False,"[[-8.602911, 41.159804], [-8.60592, 41.158759], [-8.605274, 41.159886], [-8.604726, 41.160533], [-8.604903, 41.161282], [-8.604288, 41.164812]]"
1000167,A,,,20000071,1374018524,A,False,"[[-8.622799, 41.136062], [-8.62294, 41.134134], [-8.626876, 41.132619], [-8.631152, 41.135024], [-8.63013, 41.13394], [-8.626388, 41.134906], [-8.630185, 41.138287], [-8.629523, 41.137801]]"
1000168,B,,23,20000282,1387588920,A,False,"[[-8.616607, 41.169847], [-8.617488, 41.171237], [-8.615836, 41.174025], [-8.615225, 41.173462], [-8.613433, 41.171647], [-8.610336, 41.170992]]"
1000169,C,92886,,20000302,1377811215,A,False,"[[-8.589196, 41.192381], [-8.590846, 41.191163], [-8.592129, 41.191033], [-8.590899, 41.189167], [-8.590059, 41.192431], [-8.586299, 41.189444], [-8.585142, 41.194055]]"
1000170,C,48345,,20000392,1382349801,A,False,"[[-8.586513, 41.166025], [-8.589067, 41.165459]]"
1000171,C,,4,20000021,1386688880,A,False,"[[-8.635482, 41.236938], [-8.632511, 41.237261], [-8.632061, 41.24], [-8.629528, 41.24]]"
1000172,A,,31,20000232,1377431650,A,False,"[[-8.640865, 41.169786], [-8.639522, 41.1698], [-8.637348, 41.170139]]"
1000173,A,22574,55,20000226,1384520317,A,False,"[[-8.610753, 41.180195], [-8.608916, 41.181992]]"
1000174,A,69301,31,20000063,1382784773,A,False,"[[-8.723073, 41.232585], [-8.722931, 41.22995], [-8.72352, 41.227836], [-8.7243, 41.228702]]"
1000175,B,45142,36,20000059,1375238769,A,False,"[[-8.570854, 41.187977], [-8.57, 41.185572], [-8.570848, 41.188554], [-8.57, 41.189056], [-8.571364, 41.188587], [-8.570264, 41.189097], [-8.57, 41.192827], [-8.57, 41.192895]]"
1000176,B,,,20000293,1384316690,A,False,"[[-8.628093, 41.1729], [-8.626187, 41.173233], [-8.630197, 41.175631], [-8.62935, 41.178381], [-8.633159, 41.176225], [-8.634526, 41.177192]]"
1000177,B,,4,20000016,1385991515,A,False,"[[-8.573028, 41.176808], [-8.57435, 41.177328], [-8.572121, 41.179055], [-8.574368, 41.179067], [-8.571255, 41.179018], [-8.572228, 41.180583]]"
1000178,C,85759,,20000358,1376244541,A,False,"[[-8.690368, 41.231219], [-8.690762, 41.23238], [-8.690541, 41.233222], [-8.688811, 41.23223], [-8.690098, 41.233681], [-8.694668, 41.234911], [-8.695135, 41.237566], [-8.696208, 41.238538]]"
1000179,B,,24,20000148,1387056968,A,False,"[[-8.602902, 41.176449], [-8.603212, 41.174773], [-8.602282, 41.175281], [-8.600159, 41.173811], [-8.601954, 41.173569], [-8.600162, 41.17194], [-8.600674, 41.17157]]"
1000180,A,,22,20000003,1383494488,A,False,"[[-8.622595, 41.175148], [-8.619407, 41.174732], [-8.620627, 41.173346], [-8.62012, 41.173658], [-8.617339, 41.175304]]"
1000181,B,62016,9,20000097,1379217514,A,False,"[[-8.664736, 41.229661], [-8.664752, 41.229158], [-8.664573, 41.231279], [-8.666991, 41.230365]]"
1000182,B,,,20000359,1376118641,A,False,"[[-8.646828, 41.216379], [-8.646916, 41.215337], [-8.644794, 41.213068], [-8.646762, 41.215515], [-8.649415, 41.217144]]"
1000183,B,,7,20000247,1382834676,A,False,"[[-8.704528, 41.173909], [-8.701583, 41.177015]]"
1000184,C,79585,13,20000309,1383950831,A,False,"[[-8.700163, 41.162737], [-8.699258, 41.162131], [-8.701061, 41.160815], [-8.701338, 41.162644], [-8.701976, 41.163427], [-8.701512, 41.160763]]"
1000185,A,,,20000005,1378350824,A,False,"[[-8.670277, 41.15515], [-8.669159, 41.154714], [-8.66716, 41.153249], [-8.667015, 41.153729]]"
1000186,C,,,20000318,1386297575,A,False,"[[-8.65193, 41.160072], [-8.65137, 41.159609], [-8.652377, 41.16008], [-8.652574, 41.161242], [-8.653855, 41.161769], [-8.653172, 41.160848], [-8.651931, 41.158143]]"
1000187,B,,,20000136,1382552717,A,False,"[[-8.668871, 41.237008], [-8.668589, 41.235459], [-8.668139, 41.235282], [-8.668872, 41.236369]]"
1000188,A,41571,,20000158,1385489736,A,False,"[[-8.602688, 41.197958], [-8.604263, 41.198957], [-8.603588, 41.19771], [-8.606472, 41.196651], [-8.603675, 41.195439], [-8.604368, 41.192928], [-8.600397, 41.191522]]"
1000189,B,,54,20000362,1379856051,A,False,"[[-8.667891, 41.181086], [-8.667559, 41.183551], [-8.6717, 41.184441], [-8.671283, 41.184072], [-8.672119, 41.185627], [-8.673276, 41.184532]]"
1000190,C,71396,8,20000133,1377186604,A,False,"[[-8.679614, 41.156046], [-8.676574, 41.158712], [-8.676991, 41.158209], [-8.680419, 41.158563], [-8.680165, 41.15871], [-8.681704, 41.155687]]"
1000191,A,,26,20000232,1387681536,A,False,"[[-8.63389, 41.113698], [-8.637764, 41.112421], [-8.635581, 41.113439], [-8.636231, 41.114676], [-8.636174, 41.113422], [-8.631161, 41.111728], [-8.632906, 41.112859]]"
1000192,B,,38,20000079,1372838598,A,False,"[[-8.606683, 41.124064], [-8.605314, 41.123087], [-8.605619, 41.120692], [-8.604171, 41.121445], [-8.603117, 41.121097], [-8.603387, 41.12168], [-8.60201, 41.124142], [-8.605305, 41.124619]]"
1000193,B,,52,20000204,1381068041,A,False,"[[-8.609327, 41.164128], [-8.61136, 41.164956], [-8.611644, 41.164811], [-8.61167, 41.16401], [-8.608725, 41.165789], [-8.612645, 41.166202], [-8.614706, 41.164715], [-8.612773, 41.162988]]"
1000194,A,71102,40,20000315,1384560537,A,False,"[[-8.614976, 41.11], [-8.61343, 41.11], [-8.611641, 41.110834], [-8.615504, 41.110501], [-8.617585, 41.11]]"
1000195,B,,,20000206,1379543610,A,False,"[[-8.630088, 41.152356], [-8.628227, 41.152546]]"
1000196,C,,8,20000085,1380383714,A,False,"[[-8.680966, 41.197546], [-8.682961, 41.19877], [-8.686534, 41.198774], [-8.687848, 41.198633]]"
1000197,C,33797,53,20000386,1379531626,A,False,"[[-8.612456, 41.185545], [-8.613909, 41.184033], [-8.613211, 41.1841], [-8.615292, 41.181804], [-8.613776, 41.179329], [-8.610119, 41.17742]]"
1000198,C,,54,20000253,1384527995,A,False,"[[-8.583387, 41.156043], [-8.58151, 41.152468]]"
1000199,A,,10,20000243,1385024873,A,False,"[[-8.646439, 41.157909], [-8.646031, 41.158174]]"
1000200,C,,,20000321,1384188760,A,False,"[[-8.688221, 41.140361], [-8.690706, 41.137439], [-8.686968, 41.137227]]"
1000201,A,,,20000089,1378310130,A,False,"[[-8.57, 41.166043], [-8.570804, 41.166558], [-8.572698, 41.166747], [-8.571602, 41.165704], [-8.570753, 41.165784], [-8.57, 41.164623]]"
1000202,A,,,20000281,1380774589,A,False,"[[-8.706947, 41.185058], [-8.703752, 41.187193], [-8.704321, 41.187193], [-8.703771, 41.186964], [-8.704177, 41.185264], [-8.700479, 41.184538]]"
1000203,A,12458,,20000154,1375571861,A,False,"[[-8.667302, 41.136801], [-8.668855, 41.138501], [-8.668009, 41.137542]]"
1000204,B,,5,20000075,1384701820,A,False,"[[-8.628317, 41.142139], [-8.630086, 41.140827]]"
1000205,A,34112,,20000191,1378830828,A,False,"[[-8.639754, 41.159748], [-8.639473, 41.160163], [-8.637521, 41.161031], [-8.640143, 41.157439], [-8.640484, 41.158996]]"
1000206,C,97424,,20000377,1384956288,A,False,"[[-8.599245, 41.161777], [-8.598939, 41.163243], [-8.597651, 41.163883], [-8.594878, 41.165382], [-8.593092, 41.16509], [-8.591753, 41.164505], [-8.59251, 41.163022]]"
1000207,A,,17,20000156,1378077907,A,False,"[[-8.612971, 41.193917], [-8.611467, 41.197136], [-8.611993, 41.200205]]"
1000208,A,,45,20000047,1374466602,A,False,"[[-8.57, 41.194052], [-8.57, 41.194243], [-8.570837, 41.192175]]"
1000209,A,29198,56,20000258,1374013707,A,False,"[[-8.631601, 41.180855], [-8.630582, 41.182897], [-8.628196, 41.182445], [-8.626439, 41.184108], [-8.626593, 41.182307], [-8.625444, 41.181698], [-8.62895, 41.182099], [-8.629586, 41.182094]]"
1000210,A,,35,20000174,1385322561,A,False,"[[-8.57, 41.172696], [-8.57, 41.173812], [-8.572661, 41.174672], [-8.571259, 41.176348]]"
1000211,C,,28,20000159,1373095850,A,False,"[[-8.626277, 41.160717], [-8.628078, 41.160317], [-8.628001, 41.162181], [-8.62778, 41.164157]]"
1000212,A,,4,20000211,1377095492,A,False,"[[-8.680377, 41.202875], [-8.680083, 41.202782], [-8.68266, 41.203711], [-8.684187, 41.204679], [-8.684874, 41.206418], [-8.686222, 41.203432], [-8.682994, 41.204973], [-8.683307, 41.207626]]"
1000213,C,54264,49,20000220,1378062201,A,False,"[[-8.629582, 41.163241], [-8.63143, 41.163278], [-8.629888, 41.164196], [-8.628104, 41.165105]]"
1000214,B,,21,20000371,1378543079,A,False,"[[-8.59429, 41.146619], [-8.589569, 41.148125]]"
1000215,B,,,20000121,1376963037,A,False,"[[-8.622104, 41.12291], [-8.620594, 41.123432], [-8.619199, 41.123263], [-8.618534, 41.121839], [-8.617563, 41.121138], [-8.619551, 41.120145]]"
1000216,A,,,20000036,1376679798,A,False,"[[-8.57, 41.16116], [-8.572873, 41.163118], [-8.571981, 41.163118], [-8.57545, 41.161982], [-8.575843, 41.162722]]"
1000217,C,,,20000241,1377853100,A,False,"[[-8.574033, 41.237424], [-8.573946, 41.238284], [-8.571212, 41.237617], [-8.57121, 41.2386], [-8.572127, 41.236057], [-8.575188, 41.23763], [-8.573412, 41.236942]]"
1000218,B,,,20000393,1384014884,A,False,"[[-8.602165, 41.152216], [-8.601312, 41.151608], [-8.603458, 41.151626], [-8.605481, 41.149346], [-8.606388, 41.148983], [-8.607645, 41.149905], [-8.606377, 41.150915], [-8.606725, 41.152392]]"
1000219,C,,,20000329,1378492620,A,False,"[[-8.574181, 41.142793], [-8.5733, 41.143426], [-8.572288, 41.145957]]"
1000220,B,,,20000061,1373504789,A,False,"[[-8.639025, 41.173063], [-8.640463, 41.173626], [-8.639127, 41.173504], [-8.638361, 41.17462], [-8.638278, 41.174969]]"
1000221,A,,,20000270,1379008840,A,False,"[[-8.691193, 41.217822], [-8.687833, 41.216578], [-8.688016, 41.216361], [-8.688487, 41.216423], [-8.689297, 41.215569], [-8.688091, 41.215415], [-8.686751, 41.215427], [-8.682373, 41.216229]]"
1000222,C,49098,35,20000207,1377823385,A,False,"[[-8.6275, 41.178212], [-8.626835, 41.175724], [-8.626599, 41.173253], [-8.626315, 41.170594], [-8.62576, 41.169682]]"
1000223,C,,,20000201,1374979967,A,False,"[[-8.623907, 41.150782], [-8.625423, 41.154247], [-8.625949, 41.151284]]"
1000224,C,,,20000347,1385844959,A,False,"[[-8.604999, 41.155843], [-8.602328, 41.154235], [-8.601585, 41.151324], [-8.598099, 41.150809], [-8.595721, 41.150374], [-8.59515, 41.149898], [-8.596219, 41.149804], [-8.596071, 41.153306]]"
1000225,A,,,20000384,1376370012,A,False,"[[-8.648476, 41.115849], [-8.648298, 41.114605], [-8.646749, 41.115626], [-8.648007, 41.116587], [-8.649246, 41.116564], [-8.64853, 41.113808]]"
1000226,C,,,20000059,1376395152,A,False,"[[-8.659201, 41.183193], [-8.660369, 41.182983], [-8.661874, 41.182245], [-8.666454, 41.181838], [-8.667635, 41.179613], [-8.665088, 41.180444], [-8.661992, 41.180525]]"
1000227,B,,24,20000132,1386320263,A,False,"[[-8.657009, 41.132401], [-8.657647, 41.133759]]"
1000228,C,65696,40,20000114,1378005842,A,False,"[[-8.598117, 41.14604], [-8.597721, 41.142479], [-8.594147, 41.141364], [-8.591987, 41.141339]]"
1000229,C,,,20000245,1382366541,A,False,"[[-8.629118, 41.172118], [-8.62854, 41.171514], [-8.627667, 41.170698], [-8.625472, 41.16927], [-8.627043, 41.169179], [-8.629636, 41.171016], [-8.627996, 41.173097], [-8.629556, 41.172547]]"
1000230,C,14493,10,20000311,1375031175,A,False,"[[-8.640638, 41.166294], [-8.639249, 41.168212], [-8.636462, 41.166109]]"
1000231,C,,,20000237,1376797581,A,False,"[[-8.58264, 41.14937], [-8.584552, 41.149552], [-8.584955, 41.148699], [-8.583226, 41.146187], [-8.582406, 41.147747], [-8.584988, 41.149988]]"
1000232,A,,,20000149,1380205505,A,False,"[[-8.604384, 41.239411], [-8.603452, 41.239603]]"
1000233,C,74629,35,20000133,1376612432,A,False,"[[-8.596325, 41.177182], [-8.595681, 41.178505], [-8.595235, 41.178192], [-8.593187, 41.178313], [-8.591022, 41.177934], [-8.591919, 41.17888], [-8.594087, 41.179798]]"
1000234,A,39699,40,20000198,1379661554,A,False,"[[-8.582145, 41.170056], [-8.582964, 41.170054], [-8.583497, 41.171753], [-8.583483, 41.172302]]"
1000235,B,,49,20000138,1375138171,A,False,"[[-8.57, 41.170725], [-8.570066, 41.169327], [-8.573286, 41.171238], [-8.572297, 41.170589], [-8.577743, 41.171406], [-8.576374, 41.169846], [-8.576413, 41.16983], [-8.579223, 41.169235]]"
1000236,C,,19,20000019,1380042440,A,False,"[[-8.57, 41.15262], [-8.57, 41.151982], [-8.571282, 41.151862], [-8.570315, 41.151534], [-8.57, 41.152985], [-8.573727, 41.154305]]"
1000237,B,,,20000360,1385600314,A,False,"[[-8.593486, 41.204904], [-8.592045, 41.204455], [-8.592564, 41.203731], [-8.589911, 41.204151]]"
1000238,C,,6,20000133,1383867171,A,False,"[[-8.593275, 41.167497], [-8.594911, 41.167603], [-8.595098, 41.1679], [-8.597691, 41.165535], [-8.595666, 41.166987], [-8.596859, 41.169221], [-8.601534, 41.171492]]"
1000239,C,,,20000274,1376244164,A,False,"[[-8.595702, 41.178169], [-8.59724, 41.176287], [-8.600179, 41.177759], [-8.598338, 41.17903]]"
1000240,C,,,20000322,1375033169,A,False,"[[-8.57236, 41.156572], [-8.57596, 41.155618], [-8.579955, 41.154765]]"
1000241,A,88893,56,20000091,1379113959,A,False,"[[-8.59237, 41.189347], [-8.593779, 41.190859], [-8.591926, 41.188555], [-8.593404, 41.186226], [-8.591408, 41.185654], [-8.592498, 41.187965], [-8.592699, 41.190129], [-8.594296, 41.191394]]"
1000242,C,,,20000059,1386752734,A,False,"[[-8.65877, 41.159969], [-8.657109, 41.159364], [-8.658642, 41.160942], [-8.659902, 41.158831], [-8.66113, 41.158999], [-8.66292, 41.159337], [-8.662129, 41.157485], [-8.661034, 41.157286]]"
1000243,A,,44,20000318,1374714312,A,False,"[[-8.611158, 41.134975], [-8.61339, 41.134716], [-8.611684, 41.131605], [-8.613167, 41.131582], [-8.61348, 41.130639], [-8.613994, 41.129252], [-8.612704, 41.128398]]"
1000244,C,,56,20000189,1380097100,A,False,"[[-8.579652, 41.181897], [-8.582621, 41.18194]]"
1000245,C,,,20000369,1375231771,A,False,"[[-8.638695, 41.162008], [-8.639477, 41.160734], [-8.639717, 41.159951], [-8.64211, 41.15972], [-8.639496, 41.157479], [-8.638538, 41.157802], [-8.639021, 41.15818]]"
1000246,C,,34,20000178,1378166398,A,False,"[[-8.678831, 41.167404], [-8.680407, 41.168528], [-8.682852, 41.17068]]"
1000247,C,87887,,20000046,1373706901,A,False,"[[-8.661361, 41.186857], [-8.664365, 41.185999], [-8.663728, 41.186409]]"
1000248,B,,12,20000350,1386691584,A,False,"[[-8.598143, 41.165323], [-8.594428, 41.166041], [-8.592513, 41.167212], [-8.594682, 41.169006], [-8.595181, 41.169287], [-8.593101, 41.168983], [-8.591957, 41.168471]]"
1000249,A,,,20000243,1376847142,A,False,"[[-8.722709, 41.113438], [-8.721975, 41.114035], [-8.72187, 41.113574], [-8.719109, 41.110913], [-8.718967, 41.110669]]"
1000250,A,61879,,20000039,1374021756,A,False,"[[-8.57, 41.125894], [-8.57, 41.125208], [-8.571172, 41.124674]]"
1000251,C,,,20000247,1377139756,A,False,"[[-8.634905, 41.218678], [-8.636814, 41.218773], [-8.641046, 41.21844]]"
1000252,A,,,20000305,1383938818,A,False,"[[-8.638846, 41.178479], [-8.638525, 41.177789], [-8.637929, 41.17792], [-8.639274, 41.180487], [-8.641322, 41.180903]]"
1000253,B,60980,,20000148,1378090559,A,False,"[[-8.714708, 41.231042], [-8.712492, 41.231325]]"
1000254,A,,32,20000087,1380715212,A,False,"[[-8.580665, 41.162265], [-8.580689, 41.163278], [-8.578202, 41.163667]]"
1000255,C,,,20000160,1380076908,A,False,"[[-8.677064, 41.159173], [-8.676161, 41.162137], [-8.680155, 41.159952], [-8.678516, 41.161696], [-8.680132, 41.16282], [-8.682205, 41.163507]]"
1000256,B,,1,20000099,1386204928,A,False,"[[-8.571546, 41.149458], [-8.57, 41.151006], [-8.57, 41.150999]]"
1000257,A,,44,20000013,1373337497,A,False,"[[-8.628048, 41.158236], [-8.627492, 41.159576], [-8.629895, 41.159556], [-8.629592, 41.159417], [-8.626777, 41.159592], [-8.622684, 41.161302], [-8.619598, 41.16423]]"
1000258,A,,38,20000278,1376678377,A,False,"[[-8.57, 41.159404], [-8.570291, 41.160147], [-8.57, 41.159989], [-8.571188, 41.160645], [-8.57283, 41.156973], [-8.571318, 41.154799]]"
1000259,C,,7,20000254,1385366605,A,False,"[[-8.654176, 41.174629], [-8.652879, 41.175783], [-8.654815, 41.176379], [-8.655367, 41.175521]]"
1000260,B,,,20000115,1382833839,A,False,"[[-8.616523, 41.147336], [-8.617589, 41.148876], [-8.618617, 41.149635], [-8.61958, 41.145233], [-8.619129, 41.143877], [-8.615901, 41.145597], [-8.61907, 41.147897]]"
1000261,B,54119,22,20000136,1373602736,A,False,"[[-8.57, 41.146633], [-8.57, 41.146188], [-8.570277, 41.146086], [-8.57, 41.145526], [-8.570403, 41.142203], [-8.571848, 41.141801]]"
1000262,A,11078,,20000361,1386678739,A,False,"[[-8.57, 41.174399], [-8.57, 41.17654], [-8.57, 41.177992], [-8.571259, 41.178335], [-8.57, 41.173689]]"
1000263,C,,,20000025,1375421756,A,False,"[[-8.607395, 41.175708], [-8.606907, 41.176104], [-8.606526, 41.173575], [-8.603711, 41.174065], [-8.60215, 41.17402], [-8.601291, 41.174198], [-8.606474, 41.174773], [-8.606834, 41.174608]]"
1000264,C,,,20000311,1376438025,A,False,"[[-8.632328, 41.205504], [-8.635026, 41.204342]]"
1000265,C,56945,,20000165,1380533545,A,False,"[[-8.578401, 41.166405], [-8.579896, 41.16693], [-8.584824, 41.168601], [-8.583362, 41.169108], [-8.580954, 41.167835], [-8.581769, 41.166133]]"
1000266,B,81880,,20000124,1380253825,A,False,"[[-8.576801, 41.160367], [-8.579904, 41.158906], [-8.580958, 41.161197], [-8.581803, 41.158947], [-8.584079, 41.161932]]"
1000267,B,,,20000014,1383345230,A,False,"[[-8.604602, 41.156468], [-8.604496, 41.158525], [-8.602691, 41.161561], [-8.602021, 41.162045], [-8.600029, 41.161959]]"
1000268,C,,48,20000391,1383139067,A,False,"[[-8.616991, 41.133573], [-8.617303, 41.133519], [-8.617768, 41.133098]]"
1000269,B,,24,20000314,1379025867,A,False,"[[-8.57, 41.129888], [-8.57, 41.131288], [-8.573959, 41.131816], [-8.573505, 41.135042], [-8.572506, 41.134036], [-8.571911, 41.131158]]"
1000270,C,,2,20000370,1383867699,A,False,"[[-8.622408, 41.154539], [-8.622578, 41.15352], [-8.623613, 41.15066]]"
1000271,A,99328,,20000338,1385315426,A,False,"[[-8.577897, 41.185885], [-8.578889, 41.184296], [-8.578678, 41.183614], [-8.581796, 41.183188], [-8.580599, 41.183436], [-8.579959, 41.184087], [-8.580995, 41.183225]]"
1000272,C,,,20000262,1375906111,A,False,"[[-8.688338, 41.188613], [-8.690238, 41.191199], [-8.687862, 41.192697], [-8.691409, 41.196208], [-8.691494, 41.19821], [-8.691168, 41.199316], [-8.687739, 41.199756]]"
1000273,B,,9,20000109,1376660297,A,False,"[[-8.622226, 41.133256], [-8.625724, 41.13093], [-8.628024, 41.131306]]"
1000274,C,,55,20000173,1377966891,A,False,"[[-8.606987, 41.162907], [-8.604096, 41.161147], [-8.60529, 41.162323], [-8.605424, 41.164455], [-8.605434, 41.165161], [-8.606567, 41.166739], [-8.604657, 41.165267]]"
1000275,A,,44,20000333,1385805646,A,False,"[[-8.582839, 41.197234], [-8.580924, 41.195435], [-8.581337, 41.197094], [-8.585581, 41.19693], [-8.585061, 41.197271]]"
1000276,B,,52,20000232,1383505299,A,False,"[[-8.604421, 41.140445], [-8.605061, 41.138944]]"
1000277,A,97353,63,20000321,1380442637,A,False,"[[-8.675244, 41.134361], [-8.676618, 41.133032], [-8.676942, 41.13419], [-8.67795, 41.135793], [-8.678591, 41.136018], [-8.680333, 41.135244], [-8.679992, 41.133232]]"
1000278,A,94820,12,20000381,1382463511,A,False,"[[-8.718689, 41.115862], [-8.719648, 41.115847], [-8.718574, 41.116772], [-8.721748, 41.115443], [-8.722183, 41.115821], [-8.721077, 41.113822]]"
1000279,B,,44,20000341,1376756195,A,False,"[[-8.657622, 41.121644], [-8.661289, 41.119121], [-8.661511, 41.118498], [-8.660145, 41.120078]]"
1000280,C,,,20000353,1380938536,A,False,"[[-8.636204, 41.179142], [-8.637705, 41.17831]]"
1000281,B,,,20000168,1379076053,A,False,"[[-8.62649, 41.11], [-8.624351, 41.11072], [-8.625319, 41.11], [-8.626058, 41.11], [-8.628072, 41.11], [-8.628852, 41.111317], [-8.629729, 41.11236]]"
1000282,B,,7,20000115,1381009456,A,False,"[[-8.588585, 41.138049], [-8.587291, 41.139104], [-8.587926, 41.140786], [-8.587139, 41.141776]]"
1000283,A,36948,,20000057,1375236158,A,False,"[[-8.669355, 41.137226], [-8.671222, 41.136461]]"
1000284,A,47799,6,20000212,1377165261,A,False,"[[-8.667584, 41.143832], [-8.672029, 41.142332], [-8.67322, 41.140098], [-8.673335, 41.13911], [-8.675902, 41.140311]]"
1000285,C,,3,20000350,1379217721,A,False,"[[-8.727724, 41.117154], [-8.727058, 41.116927], [-8.7288, 41.11549], [-8.73, 41.115089], [-8.727214, 41.1151], [-8.728003, 41.115707], [-8.72896, 41.115351]]"
1000286,B,,,20000017,1376272872,A,False,"[[-8.655873, 41.163541], [-8.655747, 41.162499], [-8.657278, 41.163947], [-8.655105, 41.162324]]"
1000287,C,88375,54,20000092,1376981289,A,False,"[[-8.677938, 41.143356], [-8.677583, 41.142319], [-8.677139, 41.143661], [-8.680893, 41.144087]]"
1000288,A,,46,20000018,1388006401,A,False,"[[-8.632033, 41.141579], [-8.63161, 41.142701], [-8.634637, 41.143399], [-8.635665, 41.142256], [-8.637586, 41.142467]]"
1000289,C,,47,20000399,1377011849,A,False,"[[-8.644418, 41.139026], [-8.642743, 41.140341], [-8.641645, 41.140381], [-8.640595, 41.140653], [-8.641635, 41.139128], [-8.637754, 41.138986], [-8.638445, 41.141049]]"
1000290,B,,47,20000067,1383103703,A,False,"[[-8.585689, 41.184528], [-8.58363, 41.1836], [-8.586797, 41.180874], [-8.58366, 41.183813]]"
1000291,C,,,20000269,1384311985,A,False,"[[-8.57, 41.173517], [-8.571789, 41.17186], [-8.574793, 41.170808]]"
1000292,A,,,20000374,1372642625,A,False,"[[-8.613596, 41.212339], [-8.613872, 41.212593]]"
1000293,A,67848,7,20000104,1379632720,A,False,"[[-8.712676, 41.193881], [-8.714588, 41.1941], [-8.709932, 41.194327], [-8.71033, 41.193735], [-8.709983, 41.193874]]"
1000294,B,55188,,20000163,1383125350,A,False,"[[-8.62615, 41.229717], [-8.62762, 41.228433], [-8.630299, 41.231604], [-8.631106, 41.232081], [-8.629214, 41.232783], [-8.62682, 41.230908], [-8.626938, 41.230603], [-8.627544, 41.22945]]"
1000295,C,,10,20000073,1374203334,A,False,"[[-8.57, 41.170245], [-8.573603, 41.169712]]"
1000296,A,,,20000311,1377667156,A,False,"[[-8.604838, 41.176234], [-8.604524, 41.173839], [-8.605543, 41.172056], [-8.605053, 41.173612], [-8.606936, 41.175135]]"
1000297,B,82722,24,20000300,1382514518,A,False,"[[-8.60741, 41.182232], [-8.606356, 41.182853], [-8.601448, 41.182903], [-8.602439, 41.183565], [-8.600738, 41.185491], [-8.601254, 41.185536], [-8.603239, 41.184875]]"
1000298,B,98729,,20000196,1388153297,A,False,"[[-8.617468, 41.12741], [-8.621996, 41.129371], [-8.620331, 41.129475], [-8.617735, 41.130985], [-8.619949, 41.129787], [-8.615568, 41.128646], [-8.61554, 41.129582]]"
1000299,C,56977,,20000300,1386393058,A,False,"[[-8.648132, 41.16854], [-8.648137, 41.169302], [-8.648012, 41.16876], [-8.649727, 41.168206], [-8.648861, 41.169367], [-8.645925, 41.166439], [-8.646824, 41.164365], [-8.646717, 41.161775]]"
1000300,A,,,20000204,1386404235,A,False,"[[-8.602834, 41.215697], [-8.603011, 41.216725], [-8.604522, 41.216972], [-8.604289, 41.21903], [-8.602529, 41.217711], [-8.60365, 41.22009]]"
1000301,B,,,20000121,1384293367,A,False,"[[-8.687472, 41.210904], [-8.683568, 41.211851], [-8.683545, 41.209068]]"
1000302,A,,32,20000377,1375403737,A,False,"[[-8.644573, 41.167396], [-8.642648, 41.168498], [-8.64556, 41.16997], [-8.64589, 41.169858], [-8.644181, 41.170902], [-8.646499, 41.168726], [-8.645717, 41.168466], [-8.645106, 41.165656]]"
1000303,A,,19,20000334,1378767361,A,False,"[[-8.589496, 41.172656], [-8.594531, 41.172455], [-8.592779, 41.170326], [-8.59478, 41.172957], [-8.594923, 41.175427]]"
1000304,A,,12,20000172,1376335865,A,False,"[[-8.682697, 41.140857], [-8.682273, 41.140892], [-8.683394, 41.140755], [-8.683209, 41.139949], [-8.681585, 41.139894], [-8.680703, 41.14087], [-8.678191, 41.140394]]"
1000305,A,,62,20000177,1380087196,A,False,"[[-8.670959, 41.146759], [-8.671597, 41.145051], [-8.671725, 41.144099], [-8.667585, 41.142896], [-8.669912, 41.143091]]"
1000306,A,,,20000118,1386231112,A,False,"[[-8.729969, 41.237048], [-8.729912, 41.237367], [-8.73, 41.235669]]"
1000307,A,,,20000189,1378900408,A,False,"[[-8.578274, 41.112446], [-8.577608, 41.111528], [-8.578372, 41.110958]]"
1000308,A,59168,58,20000354,1378024090,A,False,"[[-8.657423, 41.141782], [-8.655781, 41.140956], [-8.65396, 41.142121], [-8.656112, 41.142454], [-8.658752, 41.14456], [-8.65626, 41.144816]]"
1000309,B,,,20000140,1380898997,A,False,"[[-8.57, 41.15066], [-8.572709, 41.155107]]"
1000310,A,93922,,20000118,1372956984,A,False,"[[-8.673156, 41.183121], [-8.6707, 41.184926], [-8.671613, 41.185343], [-8.666612, 41.182691], [-8.667528, 41.181413], [-8.67037, 41.180868]]"
1000311,B,32807,41,20000320,1376832937,A,False,"[[-8.607737, 41.150525], [-8.606313, 41.149126], [-8.610374, 41.148261], [-8.609715, 41.149772], [-8.60597, 41.149751], [-8.606985, 41.149315], [-8.607573, 41.147191], [-8.607409, 41.145578]]"
1000312,A,,,20000271,1373294603,A,False,"[[-8.597569, 41.171406], [-8.59396, 41.172557]]"
1000313,B,62837,20,20000028,1387500265,A,False,"[[-8.649604, 41.141858], [-8.650966, 41.14306], [-8.652693, 41.14181]]"
1000314,B,95990,,20000054,1381392801,A,False,"[[-8.643282, 41.161322], [-8.645018, 41.162283], [-8.642597, 41.163996], [-8.642011, 41.162885], [-8.643474, 41.162554], [-8.640402, 41.161674], [-8.640217, 41.161923], [-8.636482, 41.160319]]"
1000315,A,64322,,20000116,1387582362,A,False,"[[-8.697883, 41.177835], [-8.698813, 41.17817], [-8.698363, 41.179862], [-8.696823, 41.18138], [-8.693896, 41.181748], [-8.695752, 41.182284]]"
1000316,B,,23,20000228,1385309614,A,False,"[[-8.57, 41.130064], [-8.570094, 41.131171], [-8.571682, 41.12837], [-8.572134, 41.127439], [-8.57, 41.12588], [-8.570177, 41.125659], [-8.57, 41.126721], [-8.57, 41.129468]]"
1000317,A,,8,20000336,1375663197,A,False,"[[-8.5736, 41.163501], [-8.574569, 41.163479], [-8.579381, 41.163807], [-8.577862, 41.163083]]"
1000318,B,76056,61,20000035,1385559945,A,False,"[[-8.62875, 41.178014], [-8.630602, 41.179058]]"
1000319,A,,,20000366,1379269764,A,False,"[[-8.625342, 41.18107], [-8.626465, 41.184776], [-8.626187, 41.184039]]"
1000320,C,62900,59,20000118,1378399563,A,False,"[[-8.59531, 41.125379], [-8.594512, 41.126546], [-8.589835, 41.128274], [-8.587691, 41.130732], [-8.589039, 41.131809], [-8.585189, 41.131727], [-8.586892, 41.130871], [-8.588104, 41.130483]]"
1000321,B,,,20000381,1378190278,A,False,"[[-8.632166, 41.162824], [-8.629608, 41.161925], [-8.628326, 41.165299]]"
1000322,A,,,20000336,1384168193,A,False,"[[-8.574102, 41.147095], [-8.572177, 41.147047], [-8.57309, 41.145959]]"
1000323,B,,26,20000116,1385715128,A,False,"[[-8.718638, 41.140735], [-8.715248, 41.140331]]"
1000324,C,,,20000325,1383836417,A,False,"[[-8.636919, 41.14372], [-8.641117, 41.146476], [-8.638358, 41.145219], [-8.63822, 41.144846], [-8.635806, 41.145268], [-8.636687, 41.147823], [-8.634874, 41.149048], [-8.636494, 41.150386]]"
1000325,B,64284,,20000181,1387026703,A,False,"[[-8.596597, 41.134841], [-8.59809, 41.133595], [-8.598184, 41.132685], [-8.594674, 41.131452], [-8.595156, 41.128708], [-8.593508, 41.128973], [-8.589962, 41.128288], [-8.591193, 41.127263]]"
1000326,C,70459,12,20000357,1378279281,A,False,"[[-8.57, 41.161843], [-8.57, 41.161572], [-8.570875, 41.162577], [-8.572301, 41.161877], [-8.571819, 41.16254], [-8.572428, 41.163387], [-8.57, 41.16265], [-8.57149, 41.160081]]"
1000327,A,,19,20000057,1374880737,A,False,"[[-8.597233, 41.112716], [-8.598123, 41.114952], [-8.597062, 41.118215]]"
1000328,B,,,20000085,1374638323,A,False,"[[-8.595057, 41.224706], [-8.594404, 41.225951], [-8.598492, 41.226498]]"
1000329,C,69620,,20000047,1380993116,A,False,"[[-8.57, 41.129723], [-8.57, 41.127508], [-8.572264, 41.124007], [-8.572235, 41.124043]]"
1000330,C,,53,20000054,1386457599,A,False,"[[-8.592631, 41.169437], [-8.591199, 41.172032], [-8.591659, 41.171888], [-8.592446, 41.171388], [-8.592403, 41.169835], [-8.592538, 41.169669]]"
1000331,A,,46,20000254,1382934635,A,False,"[[-8.581879, 41.181717], [-8.580353, 41.184121], [-8.577291, 41.183368]]"
1000332,C,,6,20000251,1376167586,A,False,"[[-8.707546, 41.189099], [-8.709213, 41.187724], [-8.708777, 41.190279]]"
1000333,B,,35,20000233,1382833811,A,False,"[[-8.653361, 41.220367], [-8.652063, 41.219948], [-8.652795, 41.220603], [-8.653747, 41.221529], [-8.655262, 41.220019]]"
1000334,A,,,20000281,1377105279,A,False,"[[-8.607235, 41.197606], [-8.606507, 41.19739], [-8.604579, 41.195682], [-8.603883, 41.19462]]"
1000335,A,52243,51,20000275,1379892918,A,False,"[[-8.690185, 41.171102], [-8.68734, 41.167547], [-8.686538, 41.167683], [-8.687389, 41.165562]]"
1000336,C,,24,20000015,1381118028,A,False,"[[-8.599905, 41.121407], [-8.600427, 41.124814], [-8.598099, 41.122156], [-8.596279, 41.120668]]"
1000337,A,,,20000124,1387849377,A,False,"[[-8.605502, 41.148275], [-8.603148, 41.148907], [-8.604411, 41.149628], [-8.605182, 41.146931], [-8.603545, 41.150529], [-8.601142, 41.150468], [-8.601649, 41.152401]]"
1000338,B,,,20000185,1384015828,A,False,"[[-8.614199, 41.135445], [-8.614132, 41.135409], [-8.613722, 41.134153], [-8.616471, 41.134439], [-8.614151, 41.133575], [-8.612397, 41.132965]]"
1000339,A,,,20000151,1380304842,A,False,"[[-8.688187, 41.116772], [-8.688867, 41.117649], [-8.691382, 41.115253], [-8.690808, 41.114832], [-8.68804, 41.114266], [-8.688184, 41.113271]]"
1000340,C,,14,20000189,1376572508,A,False,"[[-8.63262, 41.157762], [-8.632054, 41.157171], [-8.630213, 41.158283], [-8.628076, 41.159689], [-8.627487, 41.157972], [-8.629486, 41.15842]]"
1000341,A,,,20000118,1384280507,A,False,"[[-8.687096, 41.190376], [-8.6877, 41.192013], [-8.685986, 41.19493], [-8.684367, 41.197068]]"
1000342,B,,,20000109,1387821427,A,False,"[[-8.582837, 41.188854], [-8.582607, 41.188351], [-8.58586, 41.187397], [-8.582132, 41.18872], [-8.582902, 41.184118], [-8.58357, 41.183402], [-8.585723, 41.184205], [-8.586571, 41.183675]]"
1000343,A,,20,20000297,1386529291,A,False,"[[-8.57, 41.11], [-8.57144, 41.11], [-8.571972, 41.11049]]"
1000344,B,62002,,20000252,1373015251,A,False,"[[-8.695275, 41.239477], [-8.695043, 41.239178], [-8.693337, 41.238307]]"
1000345,C,57295,38,20000307,1382263217,A,False,"[[-8.59043, 41.206531], [-8.590337, 41.206165], [-8.593259, 41.207486], [-8.590164, 41.208717], [-8.589586, 41.208276], [-8.587958, 41.207052]]"
1000346,B,,55,20000062,1378363376,A,False,"[[-8.57, 41.150413], [-8.570836, 41.153207], [-8.572324, 41.152784], [-8.570086, 41.151259], [-8.571205, 41.151475], [-8.574985, 41.150169]]"
1000347,B,65508,,20000280,1383685516,A,False,"[[-8.642203, 41.208095], [-8.641918, 41.204857]]"
1000348,C,,,20000374,1385216962,A,False,"[[-8.636723, 41.185339], [-8.638779, 41.183455], [-8.639768, 41.184486], [-8.640901, 41.184625], [-8.64237, 41.184847], [-8.642242, 41.183524]]"
1000349,B,,,20000345,1372965721,A,False,"[[-8.681597, 41.172929], [-8.681512, 41.17081], [-8.680694, 41.170438], [-8.677563, 41.171742], [-8.682672, 41.171949], [-8.681662, 41.172413]]"
1000350,C,,25,20000342,1384256153,A,False,"[[-8.702154, 41.147213], [-8.702002, 41.14917], [-8.700098, 41.151335], [-8.697451, 41.152651], [-8.695564, 41.154098], [-8.691853, 41.156775], [-8.68925, 41.153905]]"
1000351,C,,,20000018,1376095935,A,False,"[[-8.618482, 41.161259], [-8.618174, 41.159703], [-8.620272, 41.159828], [-8.619233, 41.15742]]"
1000352,B,98792,52,20000344,1380549439,A,False,"[[-8.57, 41.127493], [-8.57, 41.128228], [-8.571194, 41.128866], [-8.57016, 41.130203]]"
1000353,A,,,20000260,1377119233,A,False,"[[-8.604053, 41.164349], [-8.603757, 41.163452], [-8.600465, 41.163923], [-8.597834, 41.164232], [-8.596631, 41.164835], [-8.596854, 41.166717], [-8.59619, 41.166585]]"
1000354,C,,9,20000058,1377211427,A,False,"[[-8.648459, 41.146931], [-8.645739, 41.144862], [-8.644767, 41.141351], [-8.648662, 41.140345], [-8.651076, 41.139343]]"
1000355,B,54708,26,20000229,1378837592,A,False,"[[-8.601274, 41.171813], [-8.600329, 41.172487], [-8.60106, 41.171378], [-8.600093, 41.172556]]"
1000356,B,,60,20000342,1378245091,A,False,"[[-8.610915, 41.228286], [-8.613484, 41.230642]]"
1000357,C,31610,,20000080,1387949759,A,False,"[[-8.57, 41.140308], [-8.571193, 41.137244], [-8.57, 41.138144], [-8.57, 41.137089]]"
1000358,C,23010,,20000095,1374653978,A,False,"[[-8.62969, 41.158975], [-8.630857, 41.15793], [-8.628613, 41.159236], [-8.629604, 41.158691], [-8.631189, 41.160687], [-8.634119, 41.159376], [-8.631056, 41.160325]]"
1000359,B,,,20000389,1387443820,A,False,"[[-8.69009, 41.123156], [-8.69222, 41.123296], [-8.691611, 41.12356], [-8.689279, 41.124388], [-8.687842, 41.122346]]"
1000360,C,,8,20000044,1377069647,A,False,"[[-8.63366, 41.144014], [-8.631014, 41.142929], [-8.631717, 41.144431], [-8.632893, 41.142488], [-8.634024, 41.143226], [-8.631256, 41.140436], [-8.630471, 41.140372]]"
1000361,C,,,20000309,1378734633,A,False,"[[-8.685695, 41.13949], [-8.685655, 41.138905]]"
1000362,A,,,20000258,1381694100,A,False,"[[-8.666073, 41.229046], [-8.665319, 41.228573], [-8.664789, 41.226479], [-8.664824, 41.226503], [-8.6651, 41.226184], [-8.667449, 41.227401], [-8.667003, 41.230696]]"
1000363,B,,,20000063,1377554133,A,False,"[[-8.677369, 41.191703], [-8.676371, 41.192421], [-8.675275, 41.19439], [-8.6765, 41.193979], [-8.676855, 41.192429]]"
1000364,C,90785,,20000124,1378951246,A,False,"[[-8.57, 41.152136], [-8.570601, 41.150688], [-8.57, 41.153458], [-8.57, 41.155363], [-8.57, 41.153301], [-8.57, 41.149253], [-8.570335, 41.148862]]"
1000365,A,,61,20000125,1376307746,A,False,"[[-8.675134, 41.150199], [-8.67343, 41.148528], [-8.674163, 41.148845]]"
1000366,A,,,20000077,1378571347,A,False,"[[-8.575114, 41.11], [-8.573374, 41.11], [-8.573344, 41.110055]]"
1000367,A,86452,31,20000148,1382030248,A,False,"[[-8.608141, 41.155695], [-8.606742, 41.158677], [-8.610036, 41.157874], [-8.609118, 41.156171], [-8.60855, 41.155735], [-8.606702, 41.15606]]"
1000368,C,14747,,20000114,1377296721,A,False,"[[-8.577904, 41.174836], [-8.57784, 41.176418], [-8.580048, 41.178853], [-8.581065, 41.181199], [-8.57888, 41.181119], [-8.577073, 41.179855], [-8.5774, 41.180759], [-8.579327, 41.182682]]"
1000369,B,,,20000187,1383121595,A,False,"[[-8.641823, 41.122146], [-8.641951, 41.122801], [-8.645659, 41.12218], [-8.647231, 41.123673], [-8.648825, 41.122626], [-8.648471, 41.121348], [-8.64848, 41.122798], [-8.646526, 41.123323]]"
1000370,A,,,20000124,1376975262,A,False,"[[-8.641033, 41.193846], [-8.642372, 41.19554], [-8.642009, 41.197007], [-8.642145, 41.198744], [-8.642632, 41.197867], [-8.640594, 41.197947]]"
1000371,B,,,20000013,1385346411,A,False,"[[-8.712926, 41.209233], [-8.713694, 41.206798], [-8.711406, 41.206993], [-8.710426, 41.207386], [-8.70873, 41.208316], [-8.710383, 41.204777], [-8.710903, 41.203553], [-8.711546, 41.20408]]"
1000372,C,,44,20000110,1373717880,A,False,"[[-8.589887, 41.173864], [-8.588437, 41.173698], [-8.590571, 41.172943], [-8.588347, 41.17149], [-8.587864, 41.170635], [-8.590276, 41.171718], [-8.588803, 41.171272]]"
1000373,B,,52,20000084,1375045939,A,False,"[[-8.57, 41.185302], [-8.57261, 41.186493]]"
1000374,A,,35,20000239,1377074351,A,False,"[[-8.657608, 41.208432], [-8.659962, 41.207224], [-8.661262, 41.207425], [-8.661025, 41.206908], [-8.660651, 41.208031], [-8.661027, 41.209118]]"
1000375,A,,42,20000237,1386762726,A,False,"[[-8.579019, 41.128753], [-8.578538, 41.127941], [-8.580175, 41.125295], [-8.581314, 41.125517], [-8.582498, 41.123294], [-8.580323, 41.122396], [-8.581161, 41.124228]]"
1000376,C,,,20000299,1382641810,A,False,"[[-8.60695, 41.145295], [-8.610223, 41.147455], [-8.60785, 41.146342]]"
1000377,A,27619,7,20000242,1372644426,A,False,"[[-8.644869, 41.204059], [-8.645347, 41.202548], [-8.6461, 41.20297], [-8.644569, 41.207218], [-8.648427, 41.207665], [-8.64854, 41.205503], [-8.644235, 41.207136], [-8.64202, 41.207184]]"
1000378,C,65116,,20000150,1375384900,A,False,"[[-8.692786, 41.134881], [-8.693003, 41.134057], [-8.690344, 41.133702], [-8.689664, 41.133861], [-8.688599, 41.133446], [-8.692902, 41.135646], [-8.690047, 41.134337], [-8.693024, 41.13334]]"
1000379,B,,38,20000155,1372858065,A,False,"[[-8.619976, 41.121183], [-8.620744, 41.118415], [-8.619466, 41.118048], [-8.620075, 41.115295], [-8.616161, 41.114495], [-8.616822, 41.116201]]"
1000380,B,,,20000119,1373895614,A,False,"[[-8.636877, 41.164387], [-8.635642, 41.164608], [-8.638331, 41.164189]]"
1000381,C,,,20000174,1387381552,A,False,"[[-8.57, 41.170924], [-8.570738, 41.168477], [-8.572812, 41.171368]]"
1000382,C,,43,20000293,1379777188,A,False,"[[-8.57, 41.143467], [-8.572523, 41.14424], [-8.570094, 41.146105]]"
1000383,C,,,20000263,1378499837,A,False,"[[-8.64418, 41.169541], [-8.644108, 41.171914], [-8.64665, 41.170818], [-8.647614, 41.171182], [-8.65051, 41.171948], [-8.650418, 41.172187]]"
1000384,C,,62,20000136,1386421691,A,False,"[[-8.608931, 41.127554], [-8.609962, 41.127107], [-8.608354, 41.125877], [-8.609728, 41.122584], [-8.608956, 41.122023], [-8.607633, 41.123405]]"
1000385,C,80671,35,20000176,1378359592,A,False,"[[-8.572492, 41.147823], [-8.570599, 41.14949], [-8.57, 41.149572], [-8.57, 41.148925], [-8.57, 41.149653], [-8.572801, 41.149332]]"
1000386,A,,58,20000091,1386838199,A,False,"[[-8.673269, 41.119109], [-8.673917, 41.121195], [-8.678386, 41.122033], [-8.675665, 41.120979], [-8.674963, 41.121661], [-8.675616, 41.120895], [-8.676656, 41.122437], [-8.678855, 41.121402]]"
1000387,C,,13,20000190,1380198295,A,False,"[[-8.609524, 41.194041], [-8.611575, 41.192778], [-8.607232, 41.192455], [-8.606105, 41.191533]]"
1000388,A,68846,15,20000237,1387453302,A,False,"[[-8.698564, 41.217504], [-8.697572, 41.215776]]"
1000389,C,,62,20000092,1384362781,A,False,"[[-8.664112, 41.215181], [-8.666291, 41.215149], [-8.665865, 41.213031], [-8.666174, 41.21405], [-8.664977, 41.215489], [-8.668004, 41.214525]]"
1000390,C,,21,20000181,1379155556,A,False,"[[-8.57, 41.180726], [-8.57, 41.179752], [-8.57, 41.179881]]"
1000391,A,,,20000211,1381355027,A,False,"[[-8.597796, 41.176069], [-8.596702, 41.17458]]"
1000392,A,,37,20000031,1381757692,A,False,"[[-8.679695, 41.132082], [-8.682433, 41.1345], [-8.683747, 41.133189]]"
1000393,C,67338,,20000303,1382449452,A,False,"[[-8.595908, 41.159126], [-8.59645, 41.160451]]"
1000394,A,,6,20000058,1382552725,A,False,"[[-8.589187, 41.208417], [-8.589902, 41.210805], [-8.586233, 41.211824]]"
1000395,A,94079,21,20000365,1384331168,A,False,"[[-8.643005, 41.14736], [-8.64644, 41.148077], [-8.646782, 41.147062], [-8.645053, 41.147271], [-8.646039, 41.147269], [-8.645118, 41.148046], [-8.645067, 41.147273]]"
1000396,C,44098,5,20000350,1378873153,A,False,"[[-8.674603, 41.132999], [-8.676654, 41.132165], [-8.674614, 41.132093], [-8.677432, 41.132519], [-8.677201, 41.131263], [-8.674157, 41.132001], [-8.676334, 41.12948]]"
1000397,A,62580,,20000189,1379910683,A,False,"[[-8.717885, 41.237953], [-8.718497, 41.237264], [-8.719827, 41.237755]]"
1000398,A,,51,20000221,1384343628,A,False,"[[-8.671311, 41.190782], [-8.669307, 41.190836], [-8.669971, 41.189972]]"
1000399,B,33084,60,20000033,1377722224,A,False,"[[-8.643501, 41.160063], [-8.639547, 41.159975], [-8.641895, 41.16161], [-8.640724, 41.15979]]"
1000400,A,33764,,20000327,1373126608,A,False,"[[-8.665385, 41.135762], [-8.663227, 41.135907], [-8.662538, 41.137059]]"
1000401,B,,,20000231,1382300184,A,False,"[[-8.639454, 41.13775], [-8.639315, 41.136361], [-8.636532, 41.135513], [-8.636967, 41.136707], [-8.637533, 41.138701]]"
1000402,C,18362,,20000323,1373921387,A,False,"[[-8.647687, 41.226998], [-8.646807, 41.228656], [-8.64759, 41.231214], [-8.647387, 41.230337], [-8.646056, 41.227302], [-8.644484, 41.227569], [-8.648327, 41.227875], [-8.648062, 41.231575]]"
1000403,C,,,20000343,1379765372,A,False,"[[-8.632933, 41.164333], [-8.634034, 41.163922], [-8.63529, 41.162585]]"
1000404,B,,,20000046,1383601879,A,False,"[[-8.572533, 41.142281], [-8.57343, 41.142456], [-8.576791, 41.140906], [-8.57509, 41.139454], [-8.574884, 41.141615], [-8.574835, 41.143245]]"
1000405,B,,34,20000201,1382738894,A,False,"[[-8.68549, 41.146101], [-8.688416, 41.146093]]"
1000406,C,,,20000285,1378429298,A,False,"[[-8.623982, 41.132532], [-8.625523, 41.135288], [-8.626511, 41.133887], [-8.626092, 41.133315], [-8.627603, 41.132951], [-8.627771, 41.132423]]"
1000407,C,76900,,20000206,1380827600,A,False,"[[-8.596892, 41.182325], [-8.593138, 41.183589]]"
1000408,B,,,20000010,1382264239,A,False,"[[-8.642316, 41.121546], [-8.642413, 41.124033], [-8.647591, 41.123952], [-8.648132, 41.125834], [-8.646308, 41.126832], [-8.646394, 41.126514]]"
1000409,C,,23,20000322,1376361926,A,False,"[[-8.606267, 41.156433], [-8.605454, 41.154642], [-8.605294, 41.154769], [-8.604369, 41.155361], [-8.603697, 41.156112], [-8.601449, 41.15618], [-8.599517, 41.156352], [-8.596205, 41.155162]]"
1000410,B,,,20000101,1377964546,A,False,"[[-8.650888, 41.239697], [-8.652737, 41.24], [-8.652731, 41.238245], [-8.650916, 41.238652], [-8.652453, 41.23969], [-8.650095, 41.237887], [-8.651745, 41.23597], [-8.652507, 41.236933]]"
1000411,C,,,20000261,1373098571,A,False,"[[-8.593237, 41.133015], [-8.591499, 41.131152], [-8.595409, 41.131306], [-8.596353, 41.131093]]"
1000412,A,,39,20000040,1376302303,A,False,"[[-8.626858, 41.143293], [-8.628042, 41.143035], [-8.62652, 41.143168], [-8.624627, 41.140151], [-8.623915, 41.137284], [-8.623565, 41.138755], [-8.625913, 41.1406]]"
1000413,A,,,20000322,1375035086,A,False,"[[-8.656719, 41.129002], [-8.655949, 41.128637], [-8.656752, 41.128555], [-8.657832, 41.125629], [-8.654378, 41.126852], [-8.6518, 41.127252], [-8.650295, 41.126679], [-8.648893, 41.125633]]"
1000414,B,19045,15,20000252,1379954476,A,False,"[[-8.693834, 41.186836], [-8.691241, 41.18854], [-8.69374, 41.186247], [-8.693546, 41.185998], [-8.693964, 41.18462]]"
1000415,A,,54,20000108,1376151438,A,False,"[[-8.722441, 41.111862], [-8.723038, 41.112361], [-8.720809, 41.112086], [-8.722004, 41.112401], [-8.724208, 41.11256], [-8.722098, 41.112421]]"
1000416,A,,5,20000135,1379439870,A,False,"[[-8.64053, 41.16454], [-8.64063, 41.163187], [-8.639826, 41.160337], [-8.64061, 41.160254], [-8.641417, 41.160053], [-8.640186, 41.158407], [-8.639504, 41.158632]]"
1000417,C,19577,,20000150,1386794836,A,False,"[[-8.593991, 41.173514], [-8.593304, 41.17099], [-8.593707, 41.171246], [-8.594325, 41.172621], [-8.594055, 41.169603], [-8.596214, 41.171301], [-8.594151, 41.172847], [-8.594086, 41.173896]]"
1000418,B,,,20000168,1377259813,A,False,"[[-8.57, 41.176719], [-8.57, 41.175214], [-8.57, 41.176553], [-8.570688, 41.176367], [-8.57, 41.177125], [-8.572507, 41.177651]]"
1000419,B,,,20000149,1387146379,A,False,"[[-8.576308, 41.126832], [-8.573527, 41.12842], [-8.572384, 41.129868], [-8.572308, 41.126894], [-8.571474, 41.123746], [-8.570662, 41.126167], [-8.57, 41.127622], [-8.57, 41.127266]]"
1000420,B,,23,20000363,1386561648,A,False,"[[-8.689988, 41.197952], [-8.686889, 41.196836], [-8.684794, 41.197598], [-8.68189, 41.198869], [-8.683897, 41.200631]]"
1000421,C,54571,,20000324,1381541194,A,False,"[[-8.575508, 41.119994], [-8.576951, 41.120225], [-8.580808, 41.121892], [-8.580133, 41.122275], [-8.580418, 41.120916], [-8.57928, 41.121422]]"
1000422,C,,,20000367,1377469502,A,False,"[[-8.57, 41.166814], [-8.572651, 41.16591], [-8.574891, 41.166398], [-8.575744, 41.164454]]"
1000423,C,,,20000065,1373583672,A,False,"[[-8.615576, 41.123623], [-8.614107, 41.124848], [-8.609764, 41.126578], [-8.613397, 41.128957], [-8.614673, 41.12766], [-8.612989, 41.127246], [-8.615544, 41.128931], [-8.612326, 41.130872]]"
1000424,A,,,20000215,1386640225,A,False,"[[-8.619462, 41.172131], [-8.620861, 41.172682], [-8.622378, 41.173812], [-8.623332, 41.173377], [-8.621057, 41.173469], [-8.624418, 41.176506], [-8.621528, 41.17567], [-8.621734, 41.178191]]"
1000425,B,10061,,20000072,1374079499,A,False,"[[-8.691639, 41.154717], [-8.692248, 41.154124]]"
1000426,C,57890,45,20000288,1374453665,A,False,"[[-8.603901, 41.148878], [-8.601436, 41.149345], [-8.601637, 41.149901], [-8.602868, 41.151789]]"
1000427,C,,,20000351,1385991443,A,False,"[[-8.616525, 41.163351], [-8.620035, 41.164588]]"
1000428,C,,48,20000376,1379982243,A,False,"[[-8.651841, 41.187328], [-8.655723, 41.187481], [-8.657868, 41.187474], [-8.655653, 41.189189], [-8.654601, 41.187859], [-8.652954, 41.189339]]"
1000429,B,,61,20000154,1385556738,A,False,"[[-8.617252, 41.120398], [-8.617537, 41.121905], [-8.617791, 41.123588], [-8.61905, 41.123862], [-8.620049, 41.124092], [-8.618071, 41.123628], [-8.614223, 41.123629]]"
1000430,C,66918,31,20000355,1374267467,A,False,"[[-8.687515, 41.129366], [-8.689329, 41.130239], [-8.68975, 41.131349], [-8.6913, 41.127995], [-8.690303, 41.127803], [-8.690572, 41.123751], [-8.688279, 41.122829], [-8.690192, 41.121454]]"
1000431,A,41296,,20000373,1379471693,A,False,"[[-8.68993, 41.141529], [-8.69357, 41.143518], [-8.692365, 41.142347], [-8.689442, 41.140852], [-8.691257, 41.141546], [-8.691308, 41.142932], [-8.692955, 41.141203], [-8.691599, 41.142862]]"
1000432,A,,13,20000387,1380127635,A,False,"[[-8.584207, 41.164369], [-8.583639, 41.162439], [-8.584277, 41.162971], [-8.584427, 41.16151], [-8.583685, 41.161236]]"
1000433,B,73998,44,20000231,1380105055,A,False,"[[-8.666842, 41.175835], [-8.667912, 41.175601], [-8.667417, 41.175401], [-8.668021, 41.175487], [-8.669779, 41.174499]]"
1000434,A,57322,,20000288,1372824413,A,False,"[[-8.57, 41.130998], [-8.572587, 41.13163], [-8.573155, 41.131749], [-8.572931, 41.133554], [-8.574716, 41.134556]]"
1000435,B,,34,20000112,1382709790,A,False,"[[-8.644642, 41.119626], [-8.645514, 41.119123], [-8.649006, 41.117637], [-8.65092, 41.118178]]"
1000436,A,,,20000306,1376857366,A,False,"[[-8.608014, 41.148672], [-8.608151, 41.149129], [-8.60947, 41.147902]]"
1000437,C,,56,20000139,1383786842,A,False,"[[-8.573424, 41.209113], [-8.572042, 41.207028], [-8.571196, 41.206835], [-8.57, 41.207664], [-8.572845, 41.208672], [-8.576495, 41.209659], [-8.57623, 41.208682], [-8.577046, 41.209283]]"
1000438,C,,,20000359,1375334021,A,False,"[[-8.617594, 41.113308], [-8.621074, 41.113754]]"
1000439,C,,,20000326,1373741365,A,False,"[[-8.622567, 41.136713], [-8.620682, 41.137425], [-8.62369, 41.138345], [-8.623273, 41.138086], [-8.62175, 41.140678], [-8.620886, 41.142746], [-8.620059, 41.141876], [-8.617627, 41.143479]]"
1000440,C,17636,,20000146,1377072664,A,False,"[[-8.573229, 41.136958], [-8.574272, 41.135101], [-8.577247, 41.135159], [-8.579224, 41.134543], [-8.579906, 41.137034], [-8.580526, 41.135714], [-8.580187, 41.136649]]"
1000441,C,65399,13,20000226,1381046879,A,False,"[[-8.579623, 41.175492], [-8.578536, 41.176423], [-8.5792, 41.175607]]"
1000442,B,45968,,20000060,1388059828,A,False,"[[-8.664934, 41.174089], [-8.665283, 41.174673], [-8.666386, 41.175214], [-8.667573, 41.17499], [-8.66943, 41.175602], [-8.671387, 41.175215], [-8.671311, 41.176431], [-8.67212, 41.175513]]"
1000443,B,,17,20000188,1385807604,A,False,"[[-8.645939, 41.114546], [-8.648537, 41.115969], [-8.649057, 41.115841]]"
1000444,B,,,20000280,1378297987,A,False,"[[-8.670824, 41.124767], [-8.672004, 41.127511]]"
1000445,B,,41,20000127,1384892197,A,False,"[[-8.573087, 41.115085], [-8.573432, 41.116606]]"
1000446,A,54794,12,20000132,1379210731,A,False,"[[-8.641849, 41.2116], [-8.641809, 41.21061], [-8.641266, 41.208914], [-8.644, 41.205529], [-8.646813, 41.204948], [-8.648351, 41.202217], [-8.64513, 41.201363], [-8.64372, 41.201205]]"
1000447,B,83225,49,20000243,1381436827,A,False,"[[-8.57, 41.146106], [-8.57285, 41.146851], [-8.573742, 41.147084], [-8.570894, 41.149744], [-8.575145, 41.149005], [-8.576589, 41.149004], [-8.575058, 41.149658]]"
1000448,C,,52,20000014,1383111324,A,False,"[[-8.680658, 41.206349], [-8.681392, 41.205016], [-8.677569, 41.204946], [-8.676021, 41.20568], [-8.675237, 41.20622], [-8.673801, 41.204382], [-8.673266, 41.204809], [-8.674526, 41.206544]]"
1000449,B,,,20000184,1381287881,A,False,"[[-8.711203, 41.170362], [-8.711566, 41.169478], [-8.71113, 41.169044], [-8.711284, 41.170147], [-8.711729, 41.169113], [-8.713855, 41.167108], [-8.713952, 41.166012], [-8.715922, 41.167236]]"
1000450,B,80159,,20000213,1379036584,A,False,"[[-8.684555, 41.183983], [-8.68467, 41.185423], [-8.687034, 41.185868], [-8.686866, 41.186552]]"
1000451,B,,40,20000215,1383928060,A,False,"[[-8.661086, 41.188053], [-8.662722, 41.189129], [-8.660336, 41.188953], [-8.662566, 41.187756], [-8.661275, 41.187317], [-8.660654, 41.186255], [-8.660775, 41.18608]]"
1000452,C,,61,20000231,1382957071,A,False,"[[-8.61539, 41.120586], [-8.611768, 41.121885], [-8.610729, 41.120112], [-8.609563, 41.120391], [-8.610233, 41.120478], [-8.611214, 41.119314], [-8.606849, 41.115552]]"
1000453,C,,,20000285,1379201662,A,False,"[[-8.724345, 41.117809], [-8.726538, 41.119795], [-8.724998, 41.121078], [-8.725937, 41.121138], [-8.724101, 41.120669]]"
1000454,A,,,20000166,1387208919,A,False,"[[-8.596583, 41.201881], [-8.593209, 41.203573], [-8.596811, 41.206614], [-8.598057, 41.206757], [-8.59819, 41.204162]]"
1000455,A,47056,37,20000284,1381044202,A,False,"[[-8.570676, 41.197433], [-8.57, 41.200894], [-8.573968, 41.200713], [-8.57491, 41.201575], [-8.576967, 41.200093]]"
1000456,C,,24,20000326,1384142300,A,False,"[[-8.57, 41.172195], [-8.570265, 41.171946], [-8.57, 41.170297]]"
1000457,A,,,20000335,1377762544,A,False,"[[-8.679438, 41.153442], [-8.683022, 41.15007], [-8.682562, 41.148751], [-8.686112, 41.148929], [-8.686136, 41.150689], [-8.685301, 41.151576]]"
1000458,A,,,20000322,1374122334,A,False,"[[-8.608314, 41.169579], [-8.608109, 41.170367], [-8.610173, 41.170929], [-8.610763, 41.170618], [-8.611312, 41.173418], [-8.612592, 41.173439], [-8.617236, 41.172524]]"
1000459,B,,,20000052,1386275928,A,False,"[[-8.634131, 41.124667], [-8.635088, 41.127217], [-8.635914, 41.127835], [-8.638363, 41.129097], [-8.637254, 41.130606], [-8.64065, 41.13004], [-8.643036, 41.131925], [-8.643701, 41.129084]]"
1000460,A,,,20000028,1379776383,A,False,"[[-8.632569, 41.233524], [-8.630216, 41.232891], [-8.630053, 41.233796], [-8.628489, 41.234252], [-8.629776, 41.232426], [-8.627056, 41.232365], [-8.623227, 41.231016]]"
1000461,C,,,20000355,1383880579,A,False,"[[-8.57, 41.111304], [-8.572349, 41.11], [-8.575232, 41.11]]"
1000462,C,,,20000205,1375441956,A,False,"[[-8.604473, 41.175496], [-8.604973, 41.176185], [-8.607944, 41.177902], [-8.606314, 41.177952]]"
1000463,A,,,20000006,1374644577,A,False,"[[-8.639241, 41.195141], [-8.641043, 41.194851]]"
1000464,C,,,20000186,1375161941,A,False,"[[-8.633942, 41.131053], [-8.637095, 41.134224], [-8.639335, 41.132044], [-8.640466, 41.131729], [-8.639407, 41.132345], [-8.637576, 41.132261]]"
1000465,B,,,20000394,1375773139,A,False,"[[-8.624687, 41.175716], [-8.625989, 41.17435], [-8.623728, 41.176852], [-8.625394, 41.175844], [-8.62561, 41.176202], [-8.626195, 41.175188], [-8.628094, 41.174919]]"
1000466,B,38887,,20000290,1379176275,A,False,"[[-8.713065, 41.156918], [-8.714251, 41.154841], [-8.713855, 41.156447], [-8.713319, 41.156183], [-8.714322, 41.156283], [-8.715453, 41.155505]]"
1000467,B,,,20000043,1373473747,A,False,"[[-8.61528, 41.201029], [-8.614913, 41.200237], [-8.61368, 41.199812]]"
1000468,B,,45,20000170,1383078271,A,False,"[[-8.643549, 41.239794], [-8.643581, 41.238693], [-8.642415, 41.239423], [-8.644199, 41.239772], [-8.641354, 41.24]]"
1000469,A,84264,52,20000349,1375544516,A,False,"[[-8.623816, 41.131411], [-8.624179, 41.13051], [-8.623358, 41.130718], [-8.624675, 41.130751], [-8.623895, 41.127297], [-8.622227, 41.129046], [-8.620869, 41.12838], [-8.618629, 41.128634]]"
1000470,B,,,20000098,1384367495,A,False,"[[-8.582579, 41.145748], [-8.582222, 41.146779], [-8.580308, 41.143559], [-8.577377, 41.142546], [-8.574877, 41.140897], [-8.575565, 41.138936]]"
1000471,A,,,20000109,1376981983,A,False,"[[-8.629185, 41.223687], [-8.629443, 41.224543], [-8.628005, 41.222829], [-8.627304, 41.222897]]"
1000472,C,32157,,20000115,1387857669,A,False,"[[-8.606024, 41.118915], [-8.604414, 41.116663], [-8.6062, 41.116346], [-8.603068, 41.115248], [-8.603206, 41.116603], [-8.602005, 41.114163]]"
1000473,C,,,20000152,1383223722,A,False,"[[-8.592081, 41.232102], [-8.590852, 41.230035], [-8.587369, 41.227949], [-8.585517, 41.229256], [-8.584072, 41.230365], [-8.58423, 41.230687]]"
1000474,A,,14,20000398,1373202152,A,False,"[[-8.620554, 41.159336], [-8.620725, 41.157763], [-8.625952, 41.156197], [-8.626843, 41.157624], [-8.623051, 41.1607], [-8.623309, 41.160346], [-8.625149, 41.160991]]"
1000475,A,,28,20000217,1385114429,A,False,"[[-8.612381, 41.135288], [-8.616044, 41.131698], [-8.615791, 41.129326], [-8.61814, 41.128624]]"
1000476,C,,,20000252,1385621704,A,False,"[[-8.603556, 41.114129], [-8.600017, 41.113307], [-8.59912, 41.115417], [-8.597138, 41.115456], [-8.596996, 41.116522], [-8.596419, 41.117389], [-8.59641, 41.117017]]"
1000477,C,,46,20000008,1382432662,A,False,"[[-8.59775, 41.141712], [-8.597275, 41.140594]]"
1000478,A,62350,,20000237,1373122585,A,False,"[[-8.581013, 41.202588], [-8.578974, 41.203079], [-8.577711, 41.201769], [-8.578414, 41.202475], [-8.577162, 41.20302]]"
1000479,B,,50,20000330,1374709317,A,False,"[[-8.609319, 41.184988], [-8.608532, 41.18492]]"
1000480,A,42482,7,20000358,1385622913,A,False,"[[-8.602744, 41.178719], [-8.601503, 41.178402], [-8.595276, 41.17692], [-8.594549, 41.176948], [-8.593189, 41.17547], [-8.592338, 41.175298], [-8.592269, 41.176516]]"
1000481,A,,,20000295,1374080117,A,False,"[[-8.602758, 41.140175], [-8.601419, 41.140849], [-8.598714, 41.140811], [-8.599448, 41.139041], [-8.602776, 41.140721], [-8.600829, 41.14148], [-8.605328, 41.141563], [-8.607255, 41.141751]]"
1000482,C,72870,20,20000206,1382031074,A,False,"[[-8.622136, 41.181119], [-8.620386, 41.182552], [-8.619584, 41.18096], [-8.615824, 41.182212], [-8.611201, 41.182864], [-8.608132, 41.182333]]"
1000483,C,39530,,20000219,1384829950,A,False,"[[-8.57, 41.141535], [-8.57022, 41.14397], [-8.57, 41.143108]]"
1000484,B,,33,20000200,1372764173,A,False,"[[-8.689203, 41.228324], [-8.687468, 41.229394], [-8.688, 41.230542], [-8.687586, 41.228691]]"
1000485,C,,,20000288,1378281357,A,False,"[[-8.57, 41.156254], [-8.570377, 41.155707], [-8.572446, 41.155797], [-8.574502, 41.154442], [-8.576796, 41.151888], [-8.573287, 41.152193], [-8.575917, 41.150573], [-8.574392, 41.148942]]"
1000486,B,72992,30,20000127,1375584675,A,False,"[[-8.595931, 41.144833], [-8.595157, 41.144194], [-8.595193, 41.14318], [-8.600392, 41.141333]]"
1000487,B,,,20000023,1387164522,A,False,"[[-8.577311, 41.117819], [-8.580689, 41.119505]]"
1000488,A,,47,20000021,1387884129,A,False,"[[-8.699184, 41.11], [-8.702078, 41.11]]"
1000489,B,,35,20000329,1374931234,A,False,"[[-8.62993, 41.234844], [-8.627709, 41.235252], [-8.628399, 41.235192], [-8.629491, 41.237543], [-8.62716, 41.239817]]"
1000490,A,,,20000068,1373703424,A,False,"[[-8.655164, 41.140951], [-8.658625, 41.142631], [-8.659923, 41.142029], [-8.657772, 41.143273], [-8.658937, 41.144894], [-8.657678, 41.142695], [-8.655997, 41.141488]]"
1000491,C,,,20000329,1376702673,A,False,"[[-8.581178, 41.186538], [-8.582646, 41.185757], [-8.581942, 41.186005]]"
1000492,C,,,20000371,1386467221,A,False,"[[-8.680626, 41.15619], [-8.677786, 41.15839], [-8.677056, 41.156078], [-8.674013, 41.156873], [-8.675349, 41.156955], [-8.674478, 41.15573], [-8.673144, 41.155137]]"
1000493,B,75494,,20000227,1377642333,A,False,"[[-8.61021, 41.185153], [-8.611115, 41.18533], [-8.60994, 41.185062]]"
1000494,A,,,20000362,1382109008,A,False,"[[-8.6506, 41.134183], [-8.652051, 41.135063], [-8.653, 41.132992], [-8.654801, 41.131888], [-8.655719, 41.131636], [-8.655449, 41.133467], [-8.65573, 41.134222], [-8.657577, 41.135523]]"
1000495,A,53118,54,20000353,1381397856,A,False,"[[-8.599535, 41.178916], [-8.597967, 41.177738], [-8.597927, 41.179051], [-8.600975, 41.178333], [-8.601135, 41.176893], [-8.601778, 41.17877], [-8.600562, 41.178607], [-8.598803, 41.17935]]"
1000496,C,,36,20000233,1386680171,A,False,"[[-8.620246, 41.132141], [-8.62252, 41.13045], [-8.621393, 41.131933], [-8.617601, 41.131006], [-8.622444, 41.129595], [-8.621826, 41.131074], [-8.617349, 41.13299]]"
1000497,B,,11,20000344,1385190385,A,False,"[[-8.628193, 41.172357], [-8.627125, 41.172098], [-8.626907, 41.174805], [-8.628052, 41.174923], [-8.626584, 41.177474], [-8.62711, 41.177466], [-8.628171, 41.176695], [-8.627531, 41.176533]]"
1000498,C,,22,20000090,1373239152,A,False,"[[-8.619946, 41.152674], [-8.616291, 41.1517], [-8.614339, 41.152147]]"
1000499,B,24150,11,20000210,1375112932,A,False,"[[-8.59799, 41.182458], [-8.596456, 41.184385], [-8.595617, 41.186511], [-8.595639, 41.187582], [-8.594327, 41.185488], [-8.596973, 41.18568], [-8.596882, 41.187256]]"
